audit,model,total_return,cagr,sharpe,max_drawdown,annual_turnover,annual_meta_turnover,average_gross,max_gross,average_risky_budget,max_risky_budget,final_equity,meta_cost,extra_underlying_cost,financing_drag
base,V285_raw,0.71597143378374,0.1033122086834255,1.0052468201948541,-0.12843348467962923,4.800327251832408,0.3641500498504487,0.4807515518055474,0.5895490492452801,1.0,1.0,17159.7143378374,10.0,0.0,0.0
base,V365_raw,0.678875116547861,0.09893050583768392,1.0903067187072686,-0.1519515665622333,14.697871406799724,0.3641500498504487,0.32359154439991383,0.5313769234705499,1.0,1.0,16788.75116547861,10.0,0.0,0.0
base,static_40_60,0.7164275210450342,0.1033655961716573,1.5427196954663536,-0.08620251785698263,10.738853744812795,0.3641500498504487,0.38645554736216725,0.5353346982323217,1.0,1.0,17164.27521045034,10.0,0.0,0.0
base,persistent_budget,0.6974844420440212,0.10113837254215285,1.5631830024815638,-0.07842264560762702,10.696772154709933,0.8082209184746066,0.36804053544739374,0.5119867614338651,0.9526187258154736,1.0,16974.84442044021,22.194722170339716,0.0,0.0
base,vol22_budget,0.6916004108851994,0.10044242268580761,1.2797256501362766,-0.14058957219519075,13.293352341652666,0.4553558643174023,0.4801891991388887,0.6691683727904021,1.241351710168168,1.25,16916.004108851994,12.504621776226875,0.0,1061.6972116037923
base,barbell_equal,0.6948404632285208,0.1008258932370103,1.4091039695616359,-0.10783884529469878,11.9950622481813,0.6317883913960044,0.42411486729314124,0.5830758717489993,1.096985217991821,1.1215822978786614,16948.40463228521,17.349671973283296,0.0,530.8486058018962
base,barbell_static_vol_equal,0.7041875975457212,0.10192880636605928,1.401674435971548,-0.11126474473416248,12.016103043232732,0.4097529570839255,0.433322373250528,0.6022515355113619,1.1206758550840838,1.125,17041.875975457213,11.252310888113438,0.0,530.8486058018962
base,triple_equal,0.7020398368225114,0.10167582043921541,1.4519190940211155,-0.10024680688590026,11.576326080391798,0.5425756108808192,0.4115617606494833,0.5671621472434402,1.064656811994547,1.0810548652524408,17020.398368225113,14.8997813155222,0.0,353.8990705345976
severe,V285_raw,0.5897542531573909,0.08807082114637876,0.8661692342126308,-0.13142987737618772,4.800327251832408,0.3641500498504487,0.4807515518055474,0.5895490492452801,1.0,1.0,15897.542531573908,40.0,730.9366900491433,0.0
severe,V365_raw,0.32137663309428466,0.052048896880008355,0.6033774622332262,-0.24932953110946876,14.697871406799724,0.3641500498504487,0.32359154439991383,0.5313769234705499,1.0,1.0,13213.766330942846,40.0,2361.727759669828,0.0
severe,static_40_60,0.4421524354260413,0.06893663670823424,1.0474314159607,-0.14988018724987096,10.738853744812795,0.3641500498504487,0.38645554736216725,0.5353346982323217,1.0,1.0,14421.524354260413,40.0,1709.4113318215543,0.0
severe,persistent_budget,0.4324862637539739,0.06762854153621767,1.0634830867708602,-0.1426493915118192,10.696772154709933,0.8082209184746066,0.36804053544739374,0.5119867614338651,0.9526187258154736,1.0,14324.86263753974,88.77888868135886,1629.3093311885718,0.0
severe,vol22_budget,0.32785642851193586,0.05298635465774271,0.7016654903618096,-0.2479621714598993,13.293352341652666,0.4553558643174023,0.4801891991388887,0.6691683727904021,1.241351710168168,1.25,13278.564285119359,50.0184871049075,2115.281293951378,1327.1215145047413
severe,barbell_equal,0.3794317933754292,0.06031748498423428,0.8652742489550579,-0.19630053474370757,11.9950622481813,0.6317883913960044,0.42411486729314124,0.5830758717489993,1.096985217991821,1.1215822978786614,13794.317933754292,69.39868789313319,1872.2953125699748,663.5607572523706
severe,barbell_static_vol_equal,0.38400818358178035,0.060957102963222765,0.8607875374489415,-0.19970590152883338,12.016103043232732,0.4097529570839255,0.433322373250528,0.6022515355113619,1.1206758550840838,1.125,13840.081835817804,45.00924355245375,1912.3463128864662,663.5607572523706
severe,triple_equal,0.40005847072692413,0.06318678091433227,0.9233620188075676,-0.18065353559062658,11.576326080391798,0.5425756108808192,0.4115617606494833,0.5671621472434402,1.064656811994547,1.0810548652524408,14000.584707269241,59.5991252620888,1818.000652320501,442.3738381682471
extreme,V285_raw,0.43555882535794566,0.06804512310918565,0.6813510216750562,-0.13541580957892918,4.800327251832408,0.3641500498504487,0.4807515518055474,0.5895490492452801,1.0,1.0,14355.588253579457,80.0,1705.5189434480012,0.0
extreme,V365_raw,-0.04013093211479102,-0.007429761983684724,-0.0350770105227741,-0.38556304226058935,14.697871406799724,0.3641500498504487,0.32359154439991383,0.5313769234705499,1.0,1.0,9598.69067885209,80.0,5510.698105896266,0.0
extreme,static_40_60,0.1431469920010462,0.024658005033246333,0.39716887212852775,-0.25945940503882303,10.738853744812795,0.3641500498504487,0.38645554736216725,0.5353346982323217,1.0,1.0,11431.469920010462,80.0,3988.6264409169603,0.0
extreme,persistent_budget,0.14214324066624195,0.024494131287544185,0.4068333560941385,-0.2497535150850242,10.696772154709933,0.8082209184746066,0.36804053544739374,0.5119867614338651,0.9526187258154736,1.0,11421.43240666242,177.55777736271773,3801.721772773334,0.0
extreme,vol22_budget,-0.030247518155003816,-0.005576719630423277,-0.03072232528698563,-0.37887622508751073,13.293352341652666,0.4553558643174023,0.4801891991388887,0.6691683727904021,1.241351710168168,1.25,9697.524818449961,100.036974209815,4935.656352553216,1592.5458174056894
extreme,barbell_equal,0.05262916014649832,0.009382552214071582,0.16558216568089992,-0.31729020470919955,11.9950622481813,0.6317883913960044,0.42411486729314124,0.5830758717489993,1.096985217991821,1.1215822978786614,10526.291601464984,138.79737578626637,4368.689062663275,796.2729087028447
extreme,barbell_static_vol_equal,0.05303484682552928,0.00945337175079275,0.16500541154620366,-0.321743341796596,12.016103043232732,0.4097529570839255,0.433322373250528,0.6022515355113619,1.1206758550840838,1.125,10530.348468255293,90.0184871049075,4462.141396735087,796.2729087028447
extreme,triple_equal,0.08199983454711957,0.014452968377769881,0.23916377714068912,-0.29852637103325996,11.576326080391798,0.5425756108808192,0.4115617606494833,0.5671621472434402,1.064656811994547,1.0810548652524408,10819.998345471196,119.1982505241776,4242.001522081169,530.8486058018962
delay_1d,V285_raw,0.7159718632060179,0.103312258955091,1.0052511309283103,-0.1284334846796289,4.800327251832408,0.3641500498504487,0.4807515518055474,0.5895490492452801,0.9995017438963627,1.0,17159.71863206018,10.0,0.0,0.0
delay_1d,V365_raw,0.6877142331738859,0.09998168791971729,1.1015133367735361,-0.1519515665622314,14.637189021160403,0.3641500498504487,0.32342246732185304,0.5313769234705499,0.9995017438963627,1.0,16877.142331738858,10.0,0.0,0.0
delay_1d,static_40_60,0.7218384398926285,0.10399808982358594,1.552345604759998,-0.0862025178569823,10.702444313429202,0.3641500498504487,0.38635410111533075,0.5353346982323217,0.9995017438963627,1.0,17218.384398926286,10.0,0.0,0.0
delay_1d,persistent_budget,0.7041776600882359,0.10192763642809632,1.5750831510924366,-0.07829905542899074,10.660687227488836,0.8082209184746066,0.36794346536356554,0.5119867614338651,0.952150213121547,1.0,17041.77660088236,22.194722170339716,0.0,0.0
delay_1d,vol22_budget,0.696612609849234,0.10103537885286284,1.287190859561835,-0.1405895721951882,13.256945056057017,0.4553558643174023,0.48003894085493437,0.6691683727904021,1.2407288900386213,1.25,16966.12609849234,12.504621776226875,0.0,1061.1492663983129
delay_1d,barbell_equal,0.7006928412657705,0.10151702382306027,1.4185996241951448,-0.10766474434528306,11.958816141772928,0.6317883913960044,0.42399120310925,0.5830758717489993,1.096439551580084,1.1215822978786614,17006.928412657704,17.349671973283296,0.0,530.5746331991564
delay_1d,barbell_static_vol_equal,0.7093984995161744,0.10254151923706156,1.410124173454431,-0.11126474473415926,11.97969468474311,0.4097529570839255,0.43319652098513256,0.6022515355113619,1.120115316967492,1.125,17093.984995161743,11.252310888113437,0.0,530.5746331991564
delay_1d,triple_equal,0.7077464337250017,0.10234743017067949,1.4614483797518045,-0.10019058757065868,11.540025532325018,0.5425756108808192,0.4114455024446102,0.5671621472434402,1.0641269490188436,1.0810548652524408,17077.464337250018,14.8997813155222,0.0,353.71642213277113
