policy,family,flow_threshold,pressure_threshold,volume_threshold,max_impact_bps,depth_threshold,persistence,hold_minutes,eligible_development,preliminary_gate,btc_development_return,eth_development_return,score,development_total_return,development_cagr,development_max_drawdown,development_sharpe,development_annual_turnover,development_average_gross,development_max_gross,development_costs,development_trade_count,development_unexplained_events
reversed_agreement_control_f2_p1.5_v0_i0_d0_n3_h12,reversed_agreement_control,2.0,1.5,0.0,0.0,0.0,3,12,False,False,,,0.05442597530699167,0.010119609319214407,0.006745758117780332,-0.002399701397354237,0.9658822131116217,3.7392332663432697,4.2656970669524006e-05,0.2,28.12792616211047,14,0
reversed_agreement_control_f2_p1.5_v0_i0_d0_n3_h3,reversed_agreement_control,2.0,1.5,0.0,0.0,0.0,3,3,False,False,,,0.05278156382403605,0.004299142385739918,0.0028685778614585544,-0.001268209698695122,1.0082746051816267,3.739233266343269,1.0664242667381002e-05,0.2,28.05485365322002,14,0
reversed_agreement_control_f2_p1_v0_i0_d0_n3_h12,reversed_agreement_control,2.0,1.0,0.0,0.0,0.0,3,12,False,False,,,0.05113694608246348,0.010274905056717687,0.006849103239561893,-0.0035334518847830454,0.9088490460547833,8.012642713592719,9.140779429183715e-05,0.2,60.32390988657925,30,0
reversed_agreement_control_f1.5_p1.5_v0_i0_d0_n3_h12,reversed_agreement_control,1.5,1.5,0.0,0.0,0.0,3,12,False,False,,,0.020582181244527143,0.004116515971520629,0.0027468045327652124,-0.003364355779063355,0.38052988358236317,8.546818894498902,9.750164724462632e-05,0.2,64.0748473700951,32,0
reversed_agreement_control_f2_p1.5_v0_i0_d0_n3_h1,reversed_agreement_control,2.0,1.5,0.0,0.0,0.0,3,1,False,False,,,0.015080178833403084,0.000855960295794489,0.000571460754648756,-0.0010530961226561386,0.2997590203530854,3.73923326634327,3.5547475557936676e-06,0.2,28.00886692804837,14,0
reversed_agreement_control_f2_p1_v0_i0_d0_n3_h3,reversed_agreement_control,2.0,1.0,0.0,0.0,0.0,3,3,False,False,,,0.008574793099314379,0.0008944078456669668,0.0005971255000631892,-0.002584134785769243,0.18128108316465388,8.279730804045808,2.3613680192057934e-05,0.2,62.01617597929612,31,0
reversed_agreement_control_f1.5_p1_v0_i0_d0_n3_h12,reversed_agreement_control,1.5,1.0,0.0,0.0,0.0,3,12,False,False,,,0.0018269618881280457,0.0008650726166379297,0.0005775434968304793,-0.006578239882458203,0.07767388497792514,19.76451869352871,0.00022547255925319836,0.2,147.87296560122152,74,0
reversed_agreement_control_f1.5_p1.5_v0_i0_d0_n3_h3,reversed_agreement_control,1.5,1.5,0.0,0.0,0.0,3,3,False,False,,,-0.010444011371126802,-0.0008375628381043221,-0.0005593354987730725,-0.0030097433628701875,-0.17404621675143025,8.813906984951991,2.5137143430255218e-05,0.2,65.93978030728799,33,0
reversed_agreement_control_f2_p1_v0_i0_d0_n3_h1,reversed_agreement_control,2.0,1.0,0.0,0.0,0.0,3,1,False,False,,,-0.03983156160395798,-0.0025510502920186306,-0.0017041106459206867,-0.0027521513455123214,-0.7404852548616296,8.279730804045808,7.871226730685978e-06,0.2,61.93228711334707,31,0
reversed_agreement_control_f1.5_p1.5_v0_i0_d0_n3_h1,reversed_agreement_control,1.5,1.5,0.0,0.0,0.0,3,1,False,False,,,-0.05631605299772214,-0.003767170379654683,-0.002516992839004639,-0.004084542262259849,-1.0501843046799262,8.81390698495199,8.379047810085073e-06,0.2,65.84604348049122,33,0
reversed_agreement_control_f1.5_p1_v0_i0_d0_n3_h3,reversed_agreement_control,1.5,1.0,0.0,0.0,0.0,3,3,False,False,,,-0.07989492146846056,-0.008260267984666503,-0.005523145225263204,-0.008346158147543026,-1.4301458188199911,20.29869487443489,5.789160305149687e-05,0.2,151.24647381315998,76,0
agreement_continuation_f2_p1.5_v0_i0_d0_n3_h12,agreement_continuation,2.0,1.5,0.0,0.0,0.0,3,12,False,False,,,-0.08125977021387379,-0.015625813885679185,-0.010460948226778899,-0.016150130207380653,-1.37619771279445,3.7392332663432697,4.2656970669524006e-05,0.2,27.800181943996527,14,0
agreement_continuation_f1.5_p1.5_v0_i0_d0_n3_h12,agreement_continuation,1.5,1.5,0.0,0.0,0.0,3,12,False,False,,,-0.08789609512337554,-0.01684818032503177,-0.011281598861246245,-0.01686792006356741,-1.4814604473264534,8.546818894498902,9.750164724462632e-05,0.2,63.52938590654308,32,0
agreement_continuation_f2_p1.5_v0_i0_d0_n3_h1,agreement_continuation,2.0,1.5,0.0,0.0,0.0,3,1,False,False,,,-0.09151439705714769,-0.006442157145794436,-0.004306175802415102,-0.006442157145794436,-1.723801644270376,3.73923326634327,3.5547475557936676e-06,0.2,27.918447662388807,14,0
agreement_continuation_f2_p1.5_v0_i0_d0_n3_h3,agreement_continuation,2.0,1.5,0.0,0.0,0.0,3,3,False,False,,,-0.09912323766113901,-0.009856997406642587,-0.00659254247747032,-0.009932341426735158,-1.8232707542872166,3.739233266343269,1.0664242667381002e-05,0.2,27.87273282613277,14,0
agreement_continuation_f2_p1_v0_i0_d0_n3_h12,agreement_continuation,2.0,1.0,0.0,0.0,0.0,3,12,False,False,,,-0.11044953231706454,-0.022067694836494622,-0.014789605994864008,-0.022194037220312213,-1.8527851665762005,8.012642713592719,9.140779429183715e-05,0.2,59.33252013591992,30,0
agreement_continuation_f1.5_p1.5_v0_i0_d0_n3_h3,agreement_continuation,1.5,1.5,0.0,0.0,0.0,3,3,False,False,,,-0.1201950124939876,-0.012303531688391156,-0.008232202370258679,-0.012303531688391156,-2.197021325127892,8.813906984951991,2.5137143430255218e-05,0.2,65.638903902062,33,0
agreement_continuation_f1.5_p1.5_v0_i0_d0_n3_h1,agreement_continuation,1.5,1.5,0.0,0.0,0.0,3,1,False,False,,,-0.12662099924356185,-0.009390649055498357,-0.006280150053675881,-0.009390649055498357,-2.3704078717168184,8.81390698495199,8.379047810085073e-06,0.2,65.73234546225031,33,0
agreement_continuation_f2_p1_v0_i0_d0_n3_h3,agreement_continuation,2.0,1.0,0.0,0.0,0.0,3,3,False,False,,,-0.1275896160983639,-0.013224956862148085,-0.008850088493781105,-0.013248671316042016,-2.33173374785148,8.279730804045808,2.3613680192057934e-05,0.2,61.61312969057089,31,0
agreement_continuation_f2_p1_v0_i0_d0_n3_h1,agreement_continuation,2.0,1.0,0.0,0.0,0.0,3,1,False,False,,,-0.13688750529387914,-0.009805747612145699,-0.006558209424879058,-0.009810562130158407,-2.570405331511593,8.279730804045808,7.871226730685978e-06,0.2,61.696566573042816,31,0
agreement_continuation_f1.5_p1_v0_i0_d0_n3_h12,agreement_continuation,1.5,1.0,0.0,0.0,0.0,3,12,False,False,,,-0.14791818178969954,-0.030100616466046226,-0.020200670397133247,-0.030148426019395824,-2.454524338425477,19.76451869352871,0.00022547255925319836,0.2,145.98160056631968,74,0
reversed_agreement_control_f1.5_p1_v0_i0_d0_n3_h1,reversed_agreement_control,1.5,1.0,0.0,0.0,0.0,3,1,False,False,,,-0.15732379853732578,-0.012314745301493124,-0.008239720804760653,-0.012314745301493124,-2.91592049811854,20.56578296488798,1.955111155686517e-05,0.2,153.04403110088737,77,0
agreement_continuation_f1.5_p1_v0_i0_d0_n3_h3,agreement_continuation,1.5,1.0,0.0,0.0,0.0,3,3,False,False,,,-0.1938930757193799,-0.0218857163554963,-0.014667194744603096,-0.0218857163554963,-3.500148797035673,20.29869487443489,5.789160305149687e-05,0.2,150.4853933388228,76,0
agreement_continuation_f1.5_p1_v0_i0_d0_n3_h1,agreement_continuation,1.5,1.0,0.0,0.0,0.0,3,1,False,False,,,-0.21556641498919218,-0.018252149460398548,-0.012224589133017938,-0.018256922910354523,-3.989191105372999,20.56578296488798,1.955111155686517e-05,0.2,152.62676537476813,77,0
flow_vacuum_continuation_f2_p1.5_v0_i0_d-2_n1_h12,flow_vacuum_continuation,2.0,1.5,0.0,0.0,-2.0,1,12,False,False,,,-0.2754007414103144,-0.1237411743619874,-0.08442379627771923,-0.12476077651512496,-3.2890406784650015,140.48833557832572,0.0016026833265835449,0.2,997.8689274508388,526,0
flow_vacuum_continuation_f2_p1.5_v0_i0_d-2_n1_h3,flow_vacuum_continuation,2.0,1.5,0.0,0.0,-2.0,1,3,False,False,,,-0.2772589910195065,-0.100046662366712,-0.06796598443763735,-0.100046662366712,-3.6812863837874357,152.24021155826168,0.0004341870228862265,0.2,1084.6452194060826,570,0
flow_vacuum_continuation_f1.5_p1.5_v0_i0_d-2_n1_h12,flow_vacuum_continuation,1.5,1.5,0.0,0.0,-2.0,1,12,False,False,,,-0.3135154608957215,-0.14651579118960312,-0.10038261992939956,-0.14843114146066472,-3.54326117730832,211.26667954839476,0.0024101188428281065,0.2,1497.0194158858817,791,0
flow_exhaustion_reversal_f2_p0_v2_i3_d0_n1_h12,flow_exhaustion_reversal,2.0,0.0,2.0,3.0,0.0,1,12,False,False,,,-0.34100387067240706,-0.10991108910374969,-0.07479994048801197,-0.11083325743628059,-4.748787457055447,176.81231587994603,0.002017065327373207,0.2,1241.3883805466553,662,0
flow_vacuum_continuation_f2_p1.5_v0_i0_d-1.5_n1_h12,flow_vacuum_continuation,2.0,1.5,0.0,0.0,-1.5,1,12,False,False,,,-0.3523107311797578,-0.15722192247768485,-0.10793351904180037,-0.15737602018581331,-4.17162589052698,200.58315593027115,0.0022882417837723234,0.2,1397.9778170838736,751,0
flow_vacuum_continuation_f2_p1.5_v0_i0_d-1.5_n1_h3,flow_vacuum_continuation,2.0,1.5,0.0,0.0,-1.5,1,3,False,False,,,-0.38506611351497483,-0.13963927380947294,-0.09554929751957242,-0.13992096414839617,-5.07193574708728,219.2793222619874,0.0006253816592799859,0.2,1529.4487252908236,821,0
flow_vacuum_continuation_f2_p1.5_v0_i0_d-2_n1_h1,flow_vacuum_continuation,2.0,1.5,0.0,0.0,-2.0,1,1,False,False,,,-0.3881249156636406,-0.10698298810281559,-0.07276877286138073,-0.10701074831040647,-5.771527298518864,160.78703045276058,0.0001528541448991277,0.2,1139.9406650416456,602,0
flow_exhaustion_reversal_f1.5_p0_v2_i3_d0_n1_h12,flow_exhaustion_reversal,1.5,0.0,2.0,3.0,0.0,1,12,False,False,,,-0.3932383357811863,-0.14178369210526287,-0.09705517056978075,-0.14212228613155464,-5.233444834476304,202.98694874434892,0.0023156641220598746,0.2,1389.793480434313,760,0
flow_vacuum_continuation_f2_p1_v0_i0_d-2_n1_h12,flow_vacuum_continuation,2.0,1.0,0.0,0.0,-2.0,1,12,False,False,,,-0.3949619205176967,-0.17914549881211295,-0.12349621268188704,-0.18269261421777572,-4.63178039792754,216.07426517655034,0.002464963519403209,0.2,1487.845937802595,809,0
flow_vacuum_continuation_f1.5_p1.5_v0_i0_d-2_n1_h3,flow_vacuum_continuation,1.5,1.5,0.0,0.0,-2.0,1,3,False,False,,,-0.403151506215768,-0.15343562969268165,-0.10525947176389816,-0.15343562969268165,-5.17448427628372,238.24257668415686,0.0006794646042359895,0.2,1646.4230604525137,892,0
flow_vacuum_continuation_f2_p1_v0_i0_d-2_n1_h3,flow_vacuum_continuation,2.0,1.0,0.0,0.0,-2.0,1,3,False,False,,,-0.44791673810082877,-0.1697046233578885,-0.11677777986354632,-0.1697046233578885,-5.801543002852496,240.91345758868778,0.000687081920426976,0.2,1654.640954633125,902,0
flow_vacuum_continuation_f1.5_p1.5_v0_i0_d-1.5_n1_h12,flow_vacuum_continuation,1.5,1.5,0.0,0.0,-1.5,1,12,False,False,,,-0.4525601311821543,-0.21505093331314118,-0.1492861026945771,-0.21505093331314118,-5.020541918902246,307.41839211150733,0.0035070123743301523,0.2,2097.667817360694,1151,0
flow_vacuum_continuation_f1.5_p1_v0_i0_d-2_n1_h12,flow_vacuum_continuation,1.5,1.0,0.0,0.0,-2.0,1,12,False,False,,,-0.4550297021435644,-0.21955545307400148,-0.15254897442150805,-0.2212004381890177,-4.960860499166612,323.17658944823967,0.003686781036437432,0.2,2194.94758671633,1210,0
flow_vacuum_continuation_f2_p1_v0_i0_d-1.5_n1_h12,flow_vacuum_continuation,2.0,1.0,0.0,0.0,-1.5,1,12,False,False,,,-0.5197884246524433,-0.23653738253902123,-0.16490664506939035,-0.2381906504882717,-5.997336511386097,311.95888964920994,0.0035588101244288604,0.2,2068.7853508895078,1168,0
flow_vacuum_continuation_f2_p1.5_v0_i0_d-1.5_n1_h1,flow_vacuum_continuation,2.0,1.5,0.0,0.0,-1.5,1,1,False,False,,,-0.525023178614341,-0.14997223424099115,-0.10281694695583343,-0.14999865809061685,-7.685804153771413,229.16158160875182,0.0002178552430622119,0.2,1587.4513361658076,858,0
flow_vacuum_continuation_f2_p1_v0_i0_d-2_n1_h1,flow_vacuum_continuation,2.0,1.0,0.0,0.0,-2.0,1,1,False,False,,,-0.5279428475077664,-0.16905056605982116,-0.11631327435093664,-0.16905056605982116,-7.379544492623394,257.4729191967794,0.00024476976027036396,0.2,1774.0963749599323,964,0
flow_exhaustion_reversal_f2_p0_v2_i6_d0_n1_h12,flow_exhaustion_reversal,2.0,0.0,2.0,6.0,0.0,1,12,False,False,,,-0.5725676391077745,-0.21669607810882385,-0.15047704863517075,-0.21669607810882385,-7.337494370016265,335.46264160908186,0.0038269396543515826,0.2,2216.030932973227,1256,0
flow_vacuum_continuation_f1.5_p1.5_v0_i0_d-1.5_n1_h3,flow_vacuum_continuation,1.5,1.5,0.0,0.0,-1.5,1,3,False,False,,,-0.5729190079911732,-0.22271753216741286,-0.15484318135894204,-0.22274763852723978,-7.21304540151761,351.4879270362673,0.001002438810733814,0.2,2332.798485267058,1316,0
flow_vacuum_continuation_f1.5_p1.5_v0_i0_d-2_n1_h1,flow_vacuum_continuation,1.5,1.5,0.0,0.0,-2.0,1,1,False,False,,,-0.5848246166692633,-0.1682867083867624,-0.11577094338003624,-0.1682867083867624,-8.539169381873771,252.66533356862377,0.0002401993705557721,0.2,1730.9265644224802,946,0
flow_exhaustion_reversal_f2_p0_v2_i3_d0_n1_h3,flow_exhaustion_reversal,2.0,0.0,2.0,3.0,0.0,1,3,False,False,,,-0.5869836249394627,-0.13995671297832757,-0.09577213384765493,-0.13998932588379343,-9.172464548157865,185.89331095535107,0.0005301652068926555,0.2,1290.805620077544,696,0
flow_vacuum_continuation_f1.5_p1_v0_i0_d-2_n1_h3,flow_vacuum_continuation,1.5,1.0,0.0,0.0,-2.0,1,3,False,False,,,-0.6182802045328384,-0.24242675058061425,-0.1692135831633924,-0.24242675058061425,-7.739017101702725,378.73091226248243,0.0010801354358818758,0.2,2495.050631729932,1418,0
flow_vacuum_continuation_f2_p1_v0_i0_d-1.5_n1_h3,flow_vacuum_continuation,2.0,1.0,0.0,0.0,-1.5,1,3,False,False,,,-0.6216054717794747,-0.2360741224220908,-0.1645683287691243,-0.2360741224220908,-7.9656187612902905,351.4879270362673,0.001002438810733814,0.2,2324.7634609420916,1316,0
flow_exhaustion_reversal_f1.5_p0_v2_i6_d0_n1_h12,flow_exhaustion_reversal,1.5,0.0,2.0,6.0,0.0,1,12,False,False,,,-0.6340912196399616,-0.25137569364447887,-0.17577937359166074,-0.25137569364447887,-7.914570528046593,374.45750281523306,0.00427179091990519,0.2,2404.0994800821436,1402,0
flow_vacuum_continuation_f1.5_p1_v0_i0_d-1.5_n1_h12,flow_vacuum_continuation,1.5,1.0,0.0,0.0,-1.5,1,12,False,False,,,-0.6365195159155926,-0.3115334941384986,-0.2206167327535865,-0.3124571386482119,-6.7268166746844145,483.16235562964107,0.005511889995797781,0.2,3095.251734700598,1809,0
flow_exhaustion_reversal_f1.5_p0_v2_i3_d0_n1_h3,flow_exhaustion_reversal,1.5,0.0,2.0,3.0,0.0,1,3,False,False,,,-0.6403766795624933,-0.1647817385910566,-0.11328457000508607,-0.1648134101297032,-9.781669369078358,215.27300090519105,0.0006139556849935063,0.2,1468.1007789674352,806,0
flow_exhaustion_reversal_f2_p0_v2_i3_d0_n1_h1,flow_exhaustion_reversal,2.0,0.0,2.0,3.0,0.0,1,1,False,False,,,-0.6817641098487369,-0.13646759940585051,-0.0933243395325305,-0.13646759940585051,-11.115526766707227,190.1667204026005,0.00018078430426607793,0.2,1326.1682372355767,712,0
flow_vacuum_continuation_f2_p1_v0_i0_d-1.5_n1_h1,flow_vacuum_continuation,2.0,1.0,0.0,0.0,-1.5,1,1,False,False,,,-0.7237461630809106,-0.2353632338903413,-0.1640493033451882,-0.2353632338903413,-9.98124001165508,370.98535763934285,0.0003526817396426717,0.2,2464.7887086549554,1389,0
flow_exhaustion_reversal_f1.5_p0_v2_i3_d0_n1_h1,flow_exhaustion_reversal,1.5,0.0,2.0,3.0,0.0,1,1,False,False,,,-0.7296111120517245,-0.15761970724929653,-0.10821468370503506,-0.15761970724929653,-11.672527979368502,220.08058653334672,0.00020922228471242728,0.2,1513.8029887345238,824,0
flow_vacuum_continuation_f1.5_p1_v0_i0_d-2_n1_h1,flow_vacuum_continuation,1.5,1.0,0.0,0.0,-2.0,1,1,False,False,,,-0.7528467771158389,-0.2572535672347628,-0.18010613014796828,-0.2572535672347628,-10.123016248101429,408.6447783932287,0.00038848312574030794,0.2,2664.171343644411,1530,0
flow_vacuum_continuation_f1.5_p1.5_v0_i0_d-1.5_n1_h1,flow_vacuum_continuation,1.5,1.5,0.0,0.0,-1.5,1,1,False,False,,,-0.7671832733867957,-0.23890081210630065,-0.1666337075964761,-0.23890081210630065,-10.79175315249601,370.7182695488898,0.0003524278291029722,0.2,2434.095114278278,1388,0
flow_exhaustion_reversal_f2_p0_v2_i6_d0_n1_h3,flow_exhaustion_reversal,2.0,0.0,2.0,6.0,0.0,1,3,False,False,,,-0.7954095261360736,-0.2746207934336746,-0.19295732799144016,-0.2747019966349378,-10.76301101615317,368.31447673481193,0.0010504279027370288,0.2,2366.0250876737073,1379,0
absorption_reversal_f2_p1_v0_i3_d0_n1_h12,absorption_reversal,2.0,1.0,0.0,3.0,0.0,1,12,False,False,,,-0.8337437213866441,-0.26433695543210656,-0.18533542503068012,-0.26497379225150586,-11.657252766131428,390.4827882424187,0.004454606508488865,0.2,2510.7971263821646,1462,0
flow_exhaustion_reversal_f1.5_p0_v2_i6_d0_n1_h3,flow_exhaustion_reversal,1.5,0.0,2.0,6.0,0.0,1,3,False,False,,,-0.8381810120668515,-0.2998045580090052,-0.2117757677080533,-0.29988294199201004,-11.095558337159206,416.39033301636834,0.0011875395941747845,0.2,2632.818059654775,1559,0
flow_vacuum_continuation_f1.5_p1_v0_i0_d-1.5_n1_h3,flow_vacuum_continuation,1.5,1.0,0.0,0.0,-1.5,1,3,False,False,,,-0.8461456273655473,-0.34310336356712723,-0.2446659184309341,-0.34310336356712723,-10.191703605524282,575.8419230168633,0.0016422933707766745,0.2,3559.6978980664608,2156,0
flow_exhaustion_reversal_f2_p0_v2_i6_d0_n1_h1,flow_exhaustion_reversal,2.0,0.0,2.0,6.0,0.0,1,1,False,False,,,-0.8920081696708431,-0.2585868931491804,-0.1810891844898015,-0.2585868931491804,-12.936799802445723,382.20305743837264,0.0003633459823100527,0.2,2485.141055428105,1431,0
flow_exhaustion_reversal_f1.5_p0_v2_i6_d0_n1_h1,flow_exhaustion_reversal,1.5,0.0,2.0,6.0,0.0,1,1,False,False,,,-0.9271469471579187,-0.28269642974194553,-0.19896780878355413,-0.28269642974194553,-13.131756142573574,433.216882714913,0.00041184289539266636,0.2,2773.138836144458,1622,0
flow_vacuum_continuation_f1.5_p1_v0_i0_d-1.5_n1_h1,flow_vacuum_continuation,1.5,1.0,0.0,0.0,-1.5,1,1,False,False,,,-1.01858228374807,-0.36007666187049425,-0.2577542655904491,-0.36007666187049425,-13.261391709156337,617.5076651275456,0.0005870411677853542,0.2,3764.093468109336,2312,0
absorption_reversal_f2_p1_v0_i3_d0_n1_h3,absorption_reversal,2.0,1.0,0.0,3.0,0.0,1,3,False,False,,,-1.0459133323521441,-0.280812502162764,-0.19756364946103178,-0.280812502162764,-15.580600630177575,412.3840116595719,0.0011761136198883049,0.2,2629.232111152808,1544,0
absorption_reversal_f2_p0.5_v0_i3_d0_n1_h12,absorption_reversal,2.0,0.5,0.0,3.0,0.0,1,12,False,False,,,-1.1370524106824453,-0.39783509425372965,-0.2872921462592797,-0.3980530225069443,-14.876479019525721,661.3101119618524,0.00754418995555296,0.2,3884.6887088869107,2476,0
absorption_reversal_f1.5_p1_v0_i3_d0_n1_h12,absorption_reversal,1.5,1.0,0.0,3.0,0.0,1,12,False,False,,,-1.151395124663242,-0.4185065601238054,-0.3037233779484436,-0.418717007209643,-14.684408755048109,715.796082414283,0.008165762956737453,0.2,4092.6581781594496,2680,0
absorption_reversal_f2_p1_v0_i6_d0_n1_h12,absorption_reversal,2.0,1.0,0.0,6.0,0.0,1,12,False,False,,,-1.1585089472423895,-0.44241015860912736,-0.32296784407187995,-0.44282060001449497,-14.32574832357755,749.7162699018256,0.008552722619239563,0.2,4251.517700305286,2807,0
absorption_reversal_f2_p1_v0_i3_d0_n1_h1,absorption_reversal,2.0,1.0,0.0,3.0,0.0,1,1,False,False,,,-1.2278782878786019,-0.2813964843410992,-0.19799878163511087,-0.2814047561409011,-19.19665818474622,419.0612139208993,0.0003983856367885903,0.2,2666.230786838598,1569,0
agreement_continuation_f2_p1.5_v0_i0_d0_n1_h12,agreement_continuation,2.0,1.5,0.0,0.0,0.0,1,12,False,False,,,-1.2342794011067928,-0.5566332235961432,-0.4190528732345994,-0.5567355839832232,-12.944314372586021,1123.3725084456994,0.012815372759715572,0.2,5855.7669968118735,4206,0
reversed_agreement_control_f2_p1.5_v0_i0_d0_n1_h12,reversed_agreement_control,2.0,1.5,0.0,0.0,0.0,1,12,False,False,,,-1.3119626116973255,-0.5814731007209812,-0.44099325643298737,-0.5814985439357772,-14.00964500052381,1123.3725084456994,0.012815372759715572,0.2,5523.797524836804,4206,0
absorption_reversal_f2_p0.5_v0_i3_d0_n1_h3,absorption_reversal,2.0,0.5,0.0,3.0,0.0,1,3,False,False,,,-1.3984979696232842,-0.43189929873167976,-0.3144725923609156,-0.43189929873167976,-19.39580030657357,710.4543206052211,0.0020262061068023903,0.2,4059.5995208994664,2660,0
absorption_reversal_f2_p1_v0_i6_d0_n1_h3,absorption_reversal,2.0,1.0,0.0,6.0,0.0,1,3,False,False,,,-1.4246892376612437,-0.47984949245438413,-0.35367104938337857,-0.47984949245438413,-18.81700467200021,821.83005432416,0.0023438481919665246,0.2,4525.092170214135,3077,0
absorption_reversal_f1.5_p1_v0_i3_d0_n1_h3,absorption_reversal,1.5,1.0,0.0,3.0,0.0,1,3,False,False,,,-1.4577025669188954,-0.45595360713221966,-0.33399304131276575,-0.45595360713221966,-20.013172373230226,774.5554623139628,0.0022090216953860645,0.2,4347.796789767715,2900,0
agreement_continuation_f2_p1.5_v0_i0_d0_n1_h3,agreement_continuation,2.0,1.5,0.0,0.0,0.0,1,3,False,False,,,-1.5116396689546185,-0.5885537252194062,-0.44732594285626137,-0.5886239423692549,-17.501178522044658,1303.9240575919885,0.0037187737644395753,0.2,6499.206332550027,4882,0
absorption_reversal_f2_p0.5_v0_i3_d0_n1_h1,absorption_reversal,2.0,0.5,0.0,3.0,0.0,1,1,False,False,,,-1.53807569816836,-0.4328249041873675,-0.31521859019045306,-0.4328314329041675,-22.14546437203677,723.0074608565162,0.0006873358309666755,0.2,4119.53293514743,2707,0
absorption_reversal_f1.5_p0.5_v0_i3_d0_n1_h12,absorption_reversal,1.5,0.5,0.0,3.0,0.0,1,12,False,False,,,-1.5934534545339114,-0.611975286052177,-0.4685369235207182,-0.612117035038165,-18.811010180029132,1231.543185079201,0.014049377982655372,0.2,5900.4941466847395,4611,0
absorption_reversal_f1.5_p1_v0_i3_d0_n1_h1,absorption_reversal,1.5,1.0,0.0,3.0,0.0,1,1,False,False,,,-1.5957058193383604,-0.4611487376658533,-0.33824633346192967,-0.46115494034879023,-22.643581636625115,791.6491001029607,0.0007525908396694593,0.2,4412.244792229033,2964,0
absorption_reversal_f2_p0.5_v0_i6_d0_n1_h12,absorption_reversal,2.0,0.5,0.0,6.0,0.0,1,12,False,False,,,-1.60136473912658,-0.6204254656074718,-0.4762932842731423,-0.6205628366406482,-18.80309299161902,1228.605216084217,0.01401586179141503,0.2,5913.695268114735,4600,0
absorption_reversal_f1.5_p1_v0_i6_d0_n1_h12,absorption_reversal,1.5,1.0,0.0,6.0,0.0,1,12,False,False,,,-1.6347939114637229,-0.6302927213445846,-0.48542338396665585,-0.6304265213396842,-19.176400419615867,1275.0785438230548,0.014546026998307687,0.2,6057.867908879351,4774,0
absorption_reversal_f2_p1_v0_i6_d0_n1_h1,absorption_reversal,2.0,1.0,0.0,6.0,0.0,1,1,False,False,,,-1.6584330395416695,-0.4878781620120646,-0.36034960686503736,-0.4878840570142817,-23.287754460403328,849.0730395503751,0.000807181605704862,0.2,4622.770299799976,3179,0
flow_exhaustion_reversal_f2_p0_v1_i3_d0_n1_h12,flow_exhaustion_reversal,2.0,0.0,1.0,3.0,0.0,1,12,False,False,,,-1.7086773795791348,-0.7104563400392662,-0.5629052498859847,-0.71056154641316,-18.332530686252994,1580.8944073918437,0.018034757813779473,0.2,6748.881011840644,5919,0
reversed_agreement_control_f2_p1.5_v0_i0_d0_n1_h3,reversed_agreement_control,2.0,1.5,0.0,0.0,0.0,1,3,False,False,,,-1.7274540431688168,-0.6555083569892384,-0.5091318533842735,-0.6555083569892384,-20.447578966528415,1303.9240575919885,0.0037187737644395753,0.2,5981.452137741973,4882,0
agreement_continuation_f1.5_p1.5_v0_i0_d0_n1_h12,agreement_continuation,1.5,1.5,0.0,0.0,0.0,1,12,False,False,,,-1.7383012054065912,-0.7410978227292635,-0.5943618076464365,-0.7411316860025519,-17.62791162690488,1884.3064781465546,0.021496066290963706,0.2,7855.268769294073,7055,1
agreement_continuation_f2_p1.5_v0_i0_d0_n1_h1,agreement_continuation,2.0,1.5,0.0,0.0,0.0,1,1,False,False,,,-1.7763710490538656,-0.6136309424190804,-0.4700521822396375,-0.6136309424190804,-22.164667581387654,1367.223935029371,0.0012997680527219845,0.2,6607.048756884862,5119,0
reversed_agreement_control_f1.5_p1.5_v0_i0_d0_n1_h12,reversed_agreement_control,1.5,1.5,0.0,0.0,0.0,1,12,False,False,,,-1.8302367405176003,-0.7708811269337021,-0.6261480108332054,-0.7708950555980515,-18.771371526198685,1884.3064781465546,0.021496066290963706,0.2,7277.080862989025,7055,1
reversed_agreement_control_f2_p1_v0_i0_d0_n1_h12,reversed_agreement_control,2.0,1.0,0.0,0.0,0.0,1,12,False,False,,,-1.8512350816152634,-0.7700875397817732,-0.6252838822153373,-0.7701015166901146,-19.068651310385047,1955.084822116624,0.022303501807208265,0.2,7429.041561311747,7320,0
reversed_agreement_control_f2_p1.5_v0_i0_d0_n1_h1,reversed_agreement_control,2.0,1.5,0.0,0.0,0.0,1,1,False,False,,,-1.8606280017711274,-0.6661774610438145,-0.519335812099569,-0.666193189666369,-22.75900954403969,1367.223935029371,0.0012997680527219845,0.2,6217.328721462382,5119,0
agreement_continuation_f2_p1_v0_i0_d0_n1_h12,agreement_continuation,2.0,1.0,0.0,0.0,0.0,1,12,False,False,,,-1.8611759311791105,-0.767933041497919,-0.6229428538420079,-0.7679866189533464,-19.318518664602113,1955.084822116624,0.022303501807208265,0.2,7951.044841531057,7320,0
flow_exhaustion_reversal_f2_p0_v1_i3_d0_n1_h3,flow_exhaustion_reversal,2.0,0.0,1.0,3.0,0.0,1,3,False,False,,,-1.8687589820553439,-0.7699157276260283,-0.6250969283802064,-0.7699157276260283,-19.62782945130451,1852.79008347309,0.005284132241687286,0.2,7288.0299767823,6937,0
flow_exhaustion_reversal_f2_p0_v1_i3_d0_n1_h1,flow_exhaustion_reversal,2.0,0.0,1.0,3.0,0.0,1,1,False,False,,,-1.8863887533457826,-0.7841407219978076,-0.6407371401741068,-0.7841432067403592,-19.452204019689454,1946.2709151316717,0.001850246102790604,0.2,7460.545703231134,7287,0
absorption_reversal_f1.5_p0.5_v0_i3_d0_n1_h3,absorption_reversal,1.5,0.5,0.0,3.0,0.0,1,3,False,False,,,-1.9101834941579754,-0.6616241362502482,-0.5149679400216078,-0.6616241362502482,-23.830589654740926,1375.2365777429634,0.003922156106738912,0.2,6290.4984193113905,5149,0
absorption_reversal_f2_p0.5_v0_i6_d0_n1_h3,absorption_reversal,2.0,0.5,0.0,6.0,0.0,1,3,False,False,,,-1.9191360154015213,-0.6710364900998201,-0.5240188314153551,-0.6710364900998201,-23.800182372781443,1380.044163371119,0.003935867275882688,0.2,6237.825794716883,5167,0
absorption_reversal_f1.5_p1_v0_i6_d0_n1_h3,absorption_reversal,1.5,1.0,0.0,6.0,0.0,1,3,False,False,,,-1.9663553189105445,-0.6828234633240664,-0.5354754983341048,-0.6828234633240664,-24.3342791847711,1458.8351500547806,0.004160578103516788,0.2,6525.487935650427,5462,0
flow_exhaustion_reversal_f1.5_p0_v1_i3_d0_n1_h12,flow_exhaustion_reversal,1.5,0.0,1.0,3.0,0.0,1,12,False,False,,,-1.98220533370607,-0.8237925151502792,-0.6862706064763093,-0.8238565405567982,-19.79084583422148,2240.0678146300716,0.025554572357521278,0.2,7798.153982924276,8387,1
absorption_reversal_f1.5_p0.5_v0_i3_d0_n1_h1,absorption_reversal,1.5,0.5,0.0,3.0,0.0,1,1,False,False,,,-2.0160026752242777,-0.6692592642979686,-0.5223033337408937,-0.669263071433743,-25.71394209925374,1410.759293773225,0.001341155470693011,0.2,6383.134612818274,5282,0
absorption_reversal_f2_p0.5_v0_i6_d0_n1_h1,absorption_reversal,2.0,0.5,0.0,6.0,0.0,1,1,False,False,,,-2.0643628287495357,-0.6754763279235517,-0.5283179782651704,-0.6754800634950984,-26.513696843391763,1428.1200196526752,0.0013576596557734815,0.2,6395.626816253873,5347,0
absorption_reversal_f1.5_p1_v0_i6_d0_n1_h1,absorption_reversal,1.5,1.0,0.0,6.0,0.0,1,1,False,False,,,-2.128763822586886,-0.6982944928806496,-0.5507302253683279,-0.6982979657937368,-27.114998372171197,1524.5388203062414,0.0014493213606050182,0.2,6642.485979687486,5708,0
flow_exhaustion_reversal_f1.5_p0_v1_i3_d0_n1_h3,flow_exhaustion_reversal,1.5,0.0,1.0,3.0,0.0,1,3,False,False,,,-2.1355908680636,-0.8906739889144326,-0.7718942464264713,-0.8906739889144326,-19.907238307358686,2792.6730737775156,0.007964665809295411,0.2,8436.98934716121,10456,0
agreement_continuation_f1.5_p1.5_v0_i0_d0_n1_h3,agreement_continuation,1.5,1.5,0.0,0.0,0.0,1,3,False,False,,,-2.138376229321881,-0.8023691760047527,-0.6612900703697784,-0.8023691760047527,-23.266148301188895,2335.4182629218244,0.006660581277398535,0.2,8669.8922178383,8744,0
flow_exhaustion_reversal_f1.5_p0_v1_i3_d0_n1_h1,flow_exhaustion_reversal,1.5,0.0,1.0,3.0,0.0,1,1,False,False,,,-2.138570748797273,-0.9046487281179805,-0.7918024313921828,-0.9046498257004646,-19.137951708742584,2994.0574939791463,0.002846337150031929,0.2,8629.711398993044,11210,0
absorption_reversal_f1.5_p0.5_v0_i6_d0_n1_h12,absorption_reversal,1.5,0.5,0.0,6.0,0.0,1,12,False,False,,,-2.2028018192871555,-0.8157447280592837,-0.6767741957442597,-0.8158114115029325,-24.653446709446936,2117.741469202556,0.024159080031332564,0.2,7747.488718784495,7929,0
agreement_continuation_f2_p1_v0_i0_d0_n1_h3,agreement_continuation,2.0,1.0,0.0,0.0,0.0,1,3,False,False,,,-2.2404764895198506,-0.8132809478447593,-0.6738946603922691,-0.8133128131950332,-25.002658035644448,2351.1764602585563,0.006705523442925354,0.2,8655.130295662473,8803,0
flow_exhaustion_reversal_f2_p0_v1_i6_d0_n1_h12,flow_exhaustion_reversal,2.0,0.0,1.0,6.0,0.0,1,12,False,False,,,-2.2945678793847275,-0.8741780762343678,-0.7494530691213296,-0.8742237939280569,-23.917853692169448,2617.9974626211942,0.029865973321619596,0.2,8281.627141563675,9802,0
reversed_agreement_control_f1.5_p1.5_v0_i0_d0_n1_h3,reversed_agreement_control,1.5,1.5,0.0,0.0,0.0,1,3,False,False,,,-2.3034764573852033,-0.8470520778056231,-0.7145676088105299,-0.8470520778056231,-25.41323629003857,2335.4182629218244,0.006660581277398535,0.2,7878.791671816696,8744,0
reversed_agreement_control_f2_p1_v0_i0_d0_n1_h3,reversed_agreement_control,2.0,1.0,0.0,0.0,0.0,1,3,False,False,,,-2.3231273646710338,-0.8418899533721962,-0.7081706055364035,-0.8418899533721962,-25.9130023554311,2351.1764602585563,0.006705523442925354,0.2,7925.599266087143,8803,0
reversed_agreement_control_f1.5_p1_v0_i0_d0_n1_h12,reversed_agreement_control,1.5,1.0,0.0,0.0,0.0,1,12,False,False,,,-2.376150226880653,-0.9157583220864809,-0.8083306583512448,-0.915763443332235,-23.151074293351133,3186.8950952862783,0.03635592671634003,0.2,8621.44589145377,11932,0
agreement_continuation_f1.5_p1_v0_i0_d0_n1_h12,agreement_continuation,1.5,1.0,0.0,0.0,0.0,1,12,False,False,,,-2.3811973589803808,-0.9000238858111085,-0.7851128233650608,-0.9000369622499116,-23.747826597234017,3186.8950952862783,0.03635592671634003,0.2,9566.649603417807,11932,0
agreement_continuation_f1.5_p1.5_v0_i0_d0_n1_h1,agreement_continuation,1.5,1.5,0.0,0.0,0.0,1,1,False,False,,,-2.390213487895262,-0.8322315254726057,-0.6963848605918896,-0.8322315254726057,-27.209549560935848,2501.2799670931936,0.0023778722042862637,0.2,8752.109939770253,9365,0
reversed_agreement_control_f1.5_p1.5_v0_i0_d0_n1_h1,reversed_agreement_control,1.5,1.5,0.0,0.0,0.0,1,1,False,False,,,-2.4056603062398145,-0.8593702712711783,-0.7301304563754445,-0.8593702712711783,-26.789296520558654,2501.2799670931936,0.0023778722042862637,0.2,8189.952454558166,9365,0
agreement_continuation_f2_p1_v0_i0_d0_n1_h1,agreement_continuation,2.0,1.0,0.0,0.0,0.0,1,1,False,False,,,-2.441283978210097,-0.8282502918503499,-0.6915927425889067,-0.8282502918503499,-28.35185783232571,2492.733148198695,0.0023697470670158783,0.2,8896.545624429036,9333,0
reversed_agreement_control_f2_p1_v0_i0_d0_n1_h1,reversed_agreement_control,2.0,1.0,0.0,0.0,0.0,1,1,False,False,,,-2.4600106664445556,-0.8608642789850878,-0.7320482134899189,-0.8608708346036704,-27.85204109348801,2492.733148198695,0.0023697470670158783,0.2,8040.308180592552,9333,0
flow_exhaustion_reversal_f2_p0_v1_i6_d0_n1_h3,flow_exhaustion_reversal,2.0,0.0,1.0,6.0,0.0,1,3,False,False,,,-2.5047658219653415,-0.928311361234244,-0.8279078587907454,-0.928311361234244,-25.071708830852156,3304.413855085637,0.009424143591488411,0.2,8796.185481725133,12372,0
flow_exhaustion_reversal_f2_p0_v1_i6_d0_n1_h1,flow_exhaustion_reversal,2.0,0.0,1.0,6.0,0.0,1,1,False,False,,,-2.519586291211289,-0.9398059167153637,-0.846861852001898,-0.9398066096056646,-24.44949948786894,3562.6880385537766,0.0033869126890522664,0.2,8934.25934978426,13339,0
absorption_reversal_f1.5_p0.5_v0_i6_d0_n1_h3,absorption_reversal,1.5,0.5,0.0,6.0,0.0,1,3,False,False,,,-2.5434049235459315,-0.8661693436074067,-0.7389140430153278,-0.8661693436074067,-29.312719070919282,2522.379926238988,0.007193793410767585,0.2,8191.625075038807,9444,0
flow_exhaustion_reversal_f1.5_p0_v1_i6_d0_n1_h12,flow_exhaustion_reversal,1.5,0.0,1.0,6.0,0.0,1,12,False,False,,,-2.6079195757981157,-0.9362182727275831,-0.8408262209613878,-0.9362414479690921,-26.443364893337364,3513.0096537295017,0.0400762239440178,0.2,8940.659640793601,13153,0
absorption_reversal_f1.5_p0.5_v0_i6_d0_n1_h1,absorption_reversal,1.5,0.5,0.0,6.0,0.0,1,1,False,False,,,-2.6466565939294195,-0.8762601041817022,-0.752229040639815,-0.8762615285438482,-30.838068646476884,2648.979681113753,0.002518284732740114,0.2,8322.890103200763,9918,0
flow_exhaustion_reversal_f1.5_p0_v1_i6_d0_n1_h3,flow_exhaustion_reversal,1.5,0.0,1.0,6.0,0.0,1,3,False,False,,,-2.7694355615431414,-0.9768501306907184,-0.9190948842253702,-0.9768501306907184,-25.51432922253231,4769.392031220839,0.01360224152224447,0.2,9317.105329189588,17857,0
flow_exhaustion_reversal_f1.5_p0_v1_i6_d0_n1_h1,flow_exhaustion_reversal,1.5,0.0,1.0,6.0,0.0,1,1,False,False,,,-2.773736752820375,-0.9842910698071259,-0.9375502640572109,-0.9842912506316318,-24.1848690062285,5285.1391338857575,0.005024381759574649,0.2,9374.375241578164,19788,0
reversed_agreement_control_f1.5_p1_v0_i0_d0_n1_h3,reversed_agreement_control,1.5,1.0,0.0,0.0,0.0,1,3,False,False,,,-2.8993933627405877,-0.9623514404277198,-0.8880566302324906,-0.9623514404277198,-29.975293461340943,4163.369153982778,0.011873872478509647,0.2,9059.727655220468,15588,0
agreement_continuation_f1.5_p1_v0_i0_d0_n1_h3,agreement_continuation,1.5,1.0,0.0,0.0,0.0,1,3,False,False,,,-2.9182074441845383,-0.9480719295262208,-0.8612451868843114,-0.9480719295262208,-30.916362978986534,4163.369153982778,0.011873872478509647,0.2,10102.041929815763,15588,0
reversed_agreement_control_f1.5_p1_v0_i0_d0_n1_h1,reversed_agreement_control,1.5,1.0,0.0,0.0,0.0,1,1,False,False,,,-3.016226342815621,-0.9719645273848666,-0.9080602844502653,-0.9719645273848666,-31.126645161152364,4546.373475692509,0.0043220652067657,0.2,9191.574301610686,17022,0
agreement_continuation_f1.5_p1_v0_i0_d0_n1_h1,agreement_continuation,1.5,1.0,0.0,0.0,0.0,1,1,False,False,,,-3.0820553169521814,-0.9606725274713537,-0.884747562376961,-0.9606725274713537,-32.93206308517668,4546.373475692509,0.0043220652067657,0.2,10190.049979714771,17022,0
