strategy_id,period,transition,days,compound_return,log_return_contribution,dollar_pnl,mean_daily_return,annualized_sharpe,positive_day_rate,negative_day_rate,worst_day,return_q05,turnover,average_daily_turnover,log_return_per_turnover,costs,funding_pnl,price_pnl,average_gross,max_gross,max_stress_gross,rebalance_events,risk_reductions,forced_exits,novelty_days,novelty_share,state_entry_days
V285_LOW_SKEW_HOURLY_CONTROLLER,development_2021_2023,START->calm_risk_on,1,0.0,0.0,0.0,0.0,0.0,0.0,0.0,0.0,0.0,0.0,0.0,,0.0,0.0,0.0,0.0,0.0,0.0,0,0,0,1,1.0,1
V285_LOW_SKEW_HOURLY_CONTROLLER,development_2021_2023,calm_risk_on->calm_risk_on,104,0.04585785574419733,0.04483746323843431,458.52669767090265,0.0004720461972652784,0.992550461686865,0.38461538461538464,0.36538461538461536,-0.03760641976687851,-0.011104967912525132,1.6442298372610722,0.015809902281356463,0.027269583742090295,50.4938456140916,-16.84837243678893,525.8689157217723,0.3859884616950883,0.627557557834669,0.6487826328668371,2,6,0,16,0.15384615384615385,0
V285_LOW_SKEW_HOURLY_CONTROLLER,development_2021_2023,calm_risk_on->speculative_risk_on,2,0.007979025254695609,0.007947361153609814,82.50295114519031,0.003990998850013139,12.401556418201126,0.5,0.5,-0.00035647365150726085,7.827359864477916e-05,0.0,0.0,,0.0,0.07473716130140631,82.42821398387639,0.4823055861954065,0.5135267679918124,0.5157729735401734,0,0,0,1,0.5,2
V285_LOW_SKEW_HOURLY_CONTROLLER,development_2021_2023,deleveraging->deleveraging,236,0.05688380902643263,0.05532477561071604,765.2558903259542,0.00024651076595108616,0.9571783101619383,0.5211864406779662,0.4788135593220339,-0.020974656700740613,-0.006882277027381339,2.2879572177655096,0.009694733973582668,0.024180861067300875,102.94570800341691,-22.387496511688546,890.589094841114,0.45860490840466256,0.6123638022029383,0.6111959218778896,8,2,1,5,0.0211864406779661,0
V285_LOW_SKEW_HOURLY_CONTROLLER,development_2021_2023,deleveraging->rotation,2,0.002384913338824483,0.0023820739465811765,35.58005942489217,0.0011928089756961802,11.047834539418721,0.5,0.5,-0.00026575395416950087,-0.00011989766118293275,0.0,0.0,,0.0,6.260678535727059,29.319380889169736,0.47023034533901276,0.510625985060004,0.5129320739000724,0,0,0,0,0.0,2
V285_LOW_SKEW_HOURLY_CONTROLLER,development_2021_2023,deleveraging->transition,36,0.06297880647355764,0.06107516169497759,785.7859318653245,0.0017071317873298038,7.498716401137889,0.6666666666666666,0.3333333333333333,-0.007903166867231026,-0.004513528277623635,0.4700258038161576,0.0130562723282266,0.12994001860984228,18.704175678064118,-3.088300672256944,807.5784082155888,0.4728356659126318,0.6013857079431945,0.6008475325699962,1,1,0,0,0.0,36
V285_LOW_SKEW_HOURLY_CONTROLLER,development_2021_2023,deleveraging->transition_2,7,0.007668075287416342,0.007638825031723832,140.52257754123093,0.0011032062399814549,4.093898638197808,0.42857142857142855,0.5714285714285714,-0.00691605852080146,-0.005225941698196023,0.0,0.0,,0.0,0.4039840655189535,140.11859347568944,0.5332636145363303,0.5960618875178555,0.596502935898701,0,0,0,0,0.0,7
V285_LOW_SKEW_HOURLY_CONTROLLER,development_2021_2023,rotation->deleveraging,3,-0.00626207539544553,-0.006281764428752378,-71.23455989972354,-0.0020904406901478914,-20.328897914739073,0.0,1.0,-0.004321773481687274,-0.004022492909997832,0.0,0.0,,0.0,0.3438190301279328,-71.57837892985401,0.4317237735406168,0.4712731002620296,0.4720180218316767,0,0,0,0,0.0,3
V285_LOW_SKEW_HOURLY_CONTROLLER,development_2021_2023,rotation->rotation,133,0.15651996867352816,0.1454154690111345,1786.4504933720218,0.0011074734300706311,4.049896258976616,0.6090225563909775,0.39097744360902253,-0.01097937645566227,-0.00774948315427042,1.9806144454203252,0.014891837935491167,0.07341937212836722,83.8006158799125,9.041044171707833,1861.2100650804864,0.48953221543929426,0.6026852084694061,0.6025785448685397,4,1,0,14,0.10526315789473684,0
V285_LOW_SKEW_HOURLY_CONTROLLER,development_2021_2023,rotation->transition_2,8,-0.0014445326348942122,-0.0014455769780071489,-37.92516006787446,-0.00017280243628253755,-0.7779453854553013,0.5,0.5,-0.005338089837765847,-0.0050955818523325865,0.0,0.0,,0.0,3.3431217585692137,-41.26828182648977,0.4704034487318671,0.5262246686090944,0.5270997943905922,0,0,0,0,0.0,8
V285_LOW_SKEW_HOURLY_CONTROLLER,development_2021_2023,speculative_risk_on->calm_risk_on,1,0.004233700756958614,0.004224763861124749,43.5775681024752,0.004233700756958614,0.0,1.0,0.0,0.004233700756958614,0.004233700756958614,0.0,0.0,,0.0,0.0,43.577568102467026,0.5410147963538351,0.5520975809561962,0.5561952126111062,0,0,0,1,1.0,1
V285_LOW_SKEW_HOURLY_CONTROLLER,development_2021_2023,speculative_risk_on->rotation,1,0.004357778262479073,0.004348310642015064,46.356284778914414,0.004357778262479073,0.0,1.0,0.0,0.004357778262479073,0.004357778262479073,0.0,0.0,,0.0,0.0,46.35628477892162,0.49445427140730264,0.5131849707398052,0.5100479728820352,0,0,0,1,1.0,1
V285_LOW_SKEW_HOURLY_CONTROLLER,development_2021_2023,speculative_risk_on->speculative_risk_on,41,0.004811378537897315,0.004799840849503672,52.988820962940736,0.00015406587556863249,0.33911078126147903,0.5609756097560976,0.43902439024390244,-0.031846650640751206,-0.01288669256606656,0.9055051224947807,0.022085490792555625,0.0053007329613768564,28.685628409454832,-1.6096009433723908,83.28405031573388,0.49208430433639044,0.6013719189027547,0.6101870631816512,2,2,0,12,0.2926829268292683,0
V285_LOW_SKEW_HOURLY_CONTROLLER,development_2021_2023,transition->deleveraging,31,0.029367955928024606,0.0289449788691829,358.3208285025048,0.0009457354127991868,3.6878100398798073,0.5806451612903226,0.41935483870967744,-0.0072368907952660155,-0.006203151481150915,0.0,0.0,,0.0,-1.1141927561664338,359.4350212586162,0.4785236998559487,0.5920634926200533,0.5937933016933703,0,0,0,0,0.0,31
V285_LOW_SKEW_HOURLY_CONTROLLER,development_2021_2023,transition->rotation,1,-0.0006179733446388669,-0.0006181643688688513,-9.73841959868696,-0.0006179733446388669,0.0,0.0,1.0,-0.0006179733446388669,-0.0006179733446388669,0.0,0.0,,0.0,-0.0010711736209632,-9.737348425060173,0.5476373971701017,0.5508440256728717,0.551150087966863,0,0,0,0,0.0,1
V285_LOW_SKEW_HOURLY_CONTROLLER,development_2021_2023,transition->transition,240,0.07899701651090218,0.07603192122203786,1014.3961177913861,0.00032676654970853757,1.399001024406801,0.5625,0.4375,-0.015622200425184363,-0.006176771338347108,2.4526261900925497,0.01021927579205229,0.031000207666855586,108.21090975572092,4.088358088301446,1118.5186694587178,0.470415741900237,0.5812240034519394,0.5825982300427536,7,0,0,3,0.0125,0
V285_LOW_SKEW_HOURLY_CONTROLLER,development_2021_2023,transition->transition_2,12,0.0016176043521675925,0.0016162974394361772,19.937606738491013,0.0001405321227212671,0.7519290102753734,0.4166666666666667,0.5833333333333334,-0.0052925755308617095,-0.00419444719214993,0.1885975361547049,0.015716461346225407,0.008570087777341601,8.578776448014258,-0.33194794439646935,28.8483311308783,0.501935761368618,0.5510545563017628,0.5551167643498424,1,0,0,0,0.0,12
V285_LOW_SKEW_HOURLY_CONTROLLER,development_2021_2023,transition_2->deleveraging,11,0.025354711631213656,0.025038612853389583,348.6964277540028,0.0023037250802117955,5.933856998268581,0.5454545454545454,0.45454545454545453,-0.010385991713998455,-0.00674566541188204,0.0,0.0,,0.0,-0.9909136699481073,349.6873414239502,0.4777119539523179,0.5975498222787333,0.5970313470971098,0,0,0,0,0.0,11
V285_LOW_SKEW_HOURLY_CONTROLLER,development_2021_2023,transition_2->rotation,8,-0.003277189270940581,-0.003282571016916202,-40.36117246069625,-0.00040511175804605615,-2.2595440902951607,0.375,0.625,-0.003706430063917354,-0.003693679001994321,0.1997698310527416,0.0249712288815927,-0.016431765495409388,7.078538760105323,1.3544214835989374,-34.637055184150604,0.4760027590420173,0.5730546148771887,0.5727456749286205,1,0,0,1,0.125,8
V285_LOW_SKEW_HOURLY_CONTROLLER,development_2021_2023,transition_2->transition,8,0.009939808569520899,0.00989073360156528,157.7607584278794,0.0012409340021517917,8.004494781458412,0.625,0.375,-0.0017048398124200892,-0.0016419475879940304,0.0,0.0,,0.0,1.634535141042146,156.12622328681618,0.48111398740640904,0.5429811020486053,0.544715935627664,0,0,0,0,0.0,8
V285_LOW_SKEW_HOURLY_CONTROLLER,development_2021_2023,transition_2->transition_2,209,0.054419461704931345,0.052990342206664584,897.6658670547222,0.0002773589119529945,0.7740491934685594,0.5933014354066986,0.40669856459330145,-0.06411163739741577,-0.008222495374070092,3.4614942278181675,0.016562173338842908,0.015308516703800833,157.78874439119573,22.45755062041933,1032.9970608254007,0.5068751132140785,0.6156678792852063,0.6210715852097192,8,2,0,0,0.0,0
V285_LOW_SKEW_HOURLY_CONTROLLER,final_2026h1,deleveraging->deleveraging,45,0.004171636500433767,0.004162959348466606,68.76625393633367,9.455261563431842e-05,0.8846168245422272,0.4888888888888889,0.5111111111111111,-0.004830173902739099,-0.003254937312743289,1.1478171958226864,0.025507048796059698,0.003626848738298303,58.03128508971972,8.743619645252355,118.05391938092367,0.4508716111203493,0.5718575831530447,0.5741576928355892,3,0,0,0,0.0,0
V285_LOW_SKEW_HOURLY_CONTROLLER,final_2026h1,deleveraging->transition,13,0.009951654754917699,0.00990246312823741,168.0984994484279,0.0007641292100570424,6.820459122760449,0.8461538461538461,0.15384615384615385,-0.0029115605685832158,-0.002388951603334699,0.0,0.0,,0.0,-1.5087158832848957,169.6072153317395,0.49709078044809296,0.5665569791732392,0.5665855136673315,0,0,0,0,0.0,13
V285_LOW_SKEW_HOURLY_CONTROLLER,final_2026h1,transition->deleveraging,13,-0.003279779671393841,-0.0032851699378915232,-54.93182654341217,-0.000250699916604134,-2.3161284691330817,0.38461538461538464,0.6153846153846154,-0.003150639648634157,-0.002862781002266468,0.0,0.0,,0.0,0.862566495472182,-55.79439303884186,0.49088847345666664,0.5769662512326523,0.5793626699834153,0,0,0,0,0.0,13
V285_LOW_SKEW_HOURLY_CONTROLLER,final_2026h1,transition->transition,99,0.0360814245515857,0.03544573587586937,594.9448822764716,0.0003624021990628505,2.3473094466972135,0.5757575757575758,0.42424242424242425,-0.009081671975413097,-0.003519177488495373,0.7236372063470243,0.007309466730778024,0.04898274379063805,36.7680127049199,4.234562725475935,627.4783322559059,0.49682952067475866,0.5760870962516347,0.5767066987859153,1,0,0,2,0.020202020202020204,0
V285_LOW_SKEW_HOURLY_CONTROLLER,final_2026h1,transition->transition_2,3,0.003938146391262189,0.003930412191719452,67.11336060668327,0.0013161087207347693,6.418188537097497,0.6666666666666666,0.3333333333333333,-0.0029014297905235464,-0.0024104769900526236,0.0,0.0,,0.0,0.007268237327236582,67.10609236932622,0.5436076385744405,0.5641195547176924,0.5662622139257996,0,0,0,1,0.3333333333333333,3
V285_LOW_SKEW_HOURLY_CONTROLLER,final_2026h1,transition_2->transition,3,-0.004683269180727037,-0.004694270045950128,-79.05886354352697,-0.0015623974297608312,-16.18258492255745,0.3333333333333333,0.6666666666666666,-0.0032924184127496314,-0.0031405084489194547,0.0,0.0,,0.0,-0.5696888584146229,-78.4891746851321,0.5215852855410344,0.5464782243412954,0.5475417629099595,0,0,0,0,0.0,3
V285_LOW_SKEW_HOURLY_CONTROLLER,final_2026h1,transition_2->transition_2,5,-0.003906989258877549,-0.003914641479343699,-65.8977241006105,-0.0007805596953581739,-6.568919184237922,0.4,0.6,-0.003514835514301984,-0.0032214722635373503,0.4605251517509933,0.09210503035019865,-0.008500385840946104,23.4367960623778,-0.008838074658782412,-42.45208996356364,0.5289067028311921,0.5585193925444013,0.5603784236395283,1,0,0,0,0.0,0
V285_LOW_SKEW_HOURLY_CONTROLLER,holdout_2025,deleveraging->deleveraging,121,-0.0683577776977693,-0.07080641964793587,-1198.03846245338,-0.0005765359020083506,-2.6632609766129605,0.4462809917355372,0.5537190082644629,-0.009905376708962299,-0.006367328355813551,1.2790857899813761,0.010570956941994844,-0.05535705282830703,65.23114749434728,-17.61937456964088,-1115.1879403895834,0.45806137398203606,0.5308817392676413,0.5326718443541208,4,0,0,17,0.14049586776859505,0
V285_LOW_SKEW_HOURLY_CONTROLLER,holdout_2025,deleveraging->transition,8,-0.011207560072940775,-0.011270838012774204,-189.9359106414413,-0.001398907492775131,-5.915366615153609,0.5,0.5,-0.008858205378966866,-0.00813828463221546,0.0,0.0,,0.0,-3.2427927598982422,-186.69311788159024,0.4804406570631056,0.5182809483476322,0.5206184119486766,0,0,0,0,0.0,8
V285_LOW_SKEW_HOURLY_CONTROLLER,holdout_2025,deleveraging->transition_2,1,0.0014949248633611134,0.0014938085755600086,25.350808663963107,0.0014949248633611134,0.0,1.0,0.0,0.0014949248633611134,0.0014949248633611134,0.0,0.0,,0.0,-0.7773289385078285,26.12813760248075,0.5032659268245524,0.5158305563787392,0.5155883783674774,0,0,0,0,0.0,1
V285_LOW_SKEW_HOURLY_CONTROLLER,holdout_2025,rotation->transition_2,1,-0.00047667745593138466,-0.0004767911027465661,-8.02515882636726,-0.00047667745593138466,0.0,0.0,1.0,-0.00047667745593138466,-0.00047667745593138466,0.0,0.0,,0.0,-0.2202703533286868,-7.804888473036816,0.4834086244294911,0.486853237686714,0.488049821876076,0,0,0,0,0.0,1
V285_LOW_SKEW_HOURLY_CONTROLLER,holdout_2025,transition->deleveraging,6,-0.00590756223516171,-0.005925080910124781,-96.99602934954964,-0.0009810729692026898,-4.955449081550367,0.16666666666666666,0.8333333333333334,-0.005392812354532817,-0.004595938431190716,0.0,0.0,,0.0,-3.007600410091519,-93.98842893941708,0.47345747962048956,0.521093623041293,0.5266587377422413,0,0,0,0,0.0,6
V285_LOW_SKEW_HOURLY_CONTROLLER,holdout_2025,transition->transition,43,0.01461290768813743,0.014507168017230268,239.05512630373778,0.00034731056613726617,1.474465257081724,0.4418604651162791,0.5581395348837209,-0.009997482682426284,-0.0053547781392083715,0.2188601870772748,0.005089771792494763,0.06628509374392566,10.890107172175904,-4.094115810785431,254.0393492869509,0.48387290214621737,0.5444740241475694,0.5441190301788338,1,0,0,0,0.0,0
V285_LOW_SKEW_HOURLY_CONTROLLER,holdout_2025,transition->transition_2,9,0.022078064355988292,0.02183787277437936,372.24205555763547,0.002431331961912352,22.11164085037191,0.8888888888888888,0.1111111111111111,-0.0002782840753587923,-6.676350606178437e-05,0.0,0.0,,0.0,-0.36643537394786063,372.6084909316369,0.4819597647000495,0.5600625545354782,0.5627997313753714,0,0,0,0,0.0,9
V285_LOW_SKEW_HOURLY_CONTROLLER,holdout_2025,transition_2->deleveraging,3,-0.003187577817729714,-0.003192668965734136,-54.65958676891387,-0.0010636284855794302,-69.62849073727975,0.0,1.0,-0.0012935682558408157,-0.0012804122765937675,0.0,0.0,,0.0,6.9014912188468465,-61.561077987832775,0.43767785636821355,0.4703626762567872,0.4704922545363353,0,0,0,1,0.3333333333333333,3
V285_LOW_SKEW_HOURLY_CONTROLLER,holdout_2025,transition_2->rotation,1,0.0017820307247484735,0.0017804447918377514,29.948217170534917,0.0017820307247484735,0.0,1.0,0.0,0.0017820307247484735,0.0017820307247484735,0.0,0.0,,0.0,0.0,29.948217170565737,0.48085013277905686,0.4831926269146995,0.4844021774738766,0,0,0,1,1.0,1
V285_LOW_SKEW_HOURLY_CONTROLLER,holdout_2025,transition_2->transition,8,0.003683101964210536,0.003676335952356477,63.35815148457914,0.0004627248363867492,3.3339525566599595,0.625,0.375,-0.00428799099470889,-0.003477032188707263,0.0,0.0,,0.0,-0.4737754354851583,63.831926920018205,0.4669287459575541,0.4967067795817116,0.4967815442533116,0,0,0,0,0.0,8
V285_LOW_SKEW_HOURLY_CONTROLLER,holdout_2025,transition_2->transition_2,164,0.015650242190288658,0.015529040076013072,267.46312293102164,9.954050458059573e-05,0.6089418725182439,0.5,0.5,-0.011975985526983646,-0.004735881508690198,1.7556748304322514,0.010705334331903972,0.008845054794223931,90.00319976872277,-35.02026094300383,392.4865836427534,0.49900651267078033,0.6036631430893223,0.602184276359218,4,1,0,13,0.07926829268292683,0
V285_LOW_SKEW_HOURLY_CONTROLLER,validation_2024,calm_risk_on->calm_risk_on,10,-0.04133544130766473,-0.04221404767229515,-689.1489733744402,-0.004164934561580735,-7.733662078808963,0.3,0.7,-0.018250654254370557,-0.015338840920425178,0.1006985111524685,0.01006985111524685,-0.41921223252624346,5.011394900973112,-12.680606164499215,-671.4569723090124,0.5353358247126887,0.6006908233191901,0.6036888247177866,0,1,0,4,0.4,0
V285_LOW_SKEW_HOURLY_CONTROLLER,validation_2024,calm_risk_on->speculative_risk_on,1,0.007817012670729317,0.00778661812081581,124.93899921517368,0.007817012670729317,0.0,1.0,0.0,0.007817012670729317,0.007817012670729317,0.0,0.0,,0.0,0.7950117825101096,124.14398743265812,0.4896321409959546,0.503161513229324,0.5119474525166626,0,0,0,0,0.0,1
V285_LOW_SKEW_HOURLY_CONTROLLER,validation_2024,deleveraging->deleveraging,2,0.0034900391810189168,0.003483963127282843,58.97565579225011,0.001745125848997997,13.061224624424511,0.5,0.5,-5.986201963659177e-05,0.00012063676722686714,0.0,0.0,,0.0,-0.978892621347462,59.95454841359613,0.461337682629444,0.5211996434762985,0.5219888656950897,0,0,0,0,0.0,0
V285_LOW_SKEW_HOURLY_CONTROLLER,validation_2024,deleveraging->transition,5,-0.0031068796383764705,-0.003111716008865344,-52.119190957500905,-0.0006201781243997395,-5.340366843063867,0.4,0.6,-0.00391726349792898,-0.003365375885645383,0.2276964698250122,0.04553929396500244,-0.013666070498399643,11.576036316488423,-4.665188362755855,-35.87796627828782,0.5056556193462092,0.5391894443900282,0.5421313958173904,1,0,0,0,0.0,5
V285_LOW_SKEW_HOURLY_CONTROLLER,validation_2024,rotation->calm_risk_on,1,-0.006163573880378248,-0.006182647115116251,-103.3970695987955,-0.006163573880378248,0.0,0.0,1.0,-0.006163573880378248,-0.006163573880378248,0.0,0.0,,0.0,-0.8377341153100584,-102.55933548346788,0.5237488786144552,0.5409120680194742,0.5407443195828026,0,0,0,1,1.0,1
V285_LOW_SKEW_HOURLY_CONTROLLER,validation_2024,rotation->rotation,68,-0.046229451881629254,-0.04733215206155794,-798.235249176998,-0.000656437383982901,-1.4044172925414509,0.5,0.5,-0.032464949721352165,-0.012612150774871572,1.305638092852461,0.019200560189006777,-0.036252122483765914,66.81965129094706,-38.350234603150405,-693.0653632829055,0.5051061285101497,0.6041913380579396,0.6126518182832972,2,3,0,24,0.35294117647058826,0
V285_LOW_SKEW_HOURLY_CONTROLLER,validation_2024,rotation->speculative_risk_on,2,0.003147935156701349,0.0031429907824881064,51.551475283798936,0.0015767635394056123,7.494510051994285,0.5,0.5,-0.001265437257349289,-0.0009812171776737988,0.0,0.0,,0.0,-0.6414791902519911,52.19295447401142,0.5307168984115911,0.5663246230254241,0.5719571606165298,0,0,0,2,1.0,2
V285_LOW_SKEW_HOURLY_CONTROLLER,validation_2024,rotation->transition_2,3,-0.0029272532460429563,-0.0029315460312525727,-49.861575232795076,-0.0009759027714142757,-12.029391867438234,0.3333333333333333,0.6666666666666666,-0.002740134288687912,-0.002501550988568424,0.0,0.0,,0.0,1.341906648843658,-51.20348188162183,0.4801288131560968,0.5368167309497848,0.5381534179162202,0,0,0,1,0.3333333333333333,3
V285_LOW_SKEW_HOURLY_CONTROLLER,validation_2024,speculative_risk_on->rotation,3,-0.00026633530414924635,-0.000266370777695076,1.6333753257949866,-7.093076524755659e-05,-0.1853792796526591,0.6666666666666666,0.3333333333333333,-0.008350711305510794,-0.007250893561832772,0.0,0.0,,0.0,-1.3001402971854208,2.9335156229861497,0.48792644185075695,0.5183883363739386,0.5252665632404703,0,0,0,2,0.6666666666666666,3
V285_LOW_SKEW_HOURLY_CONTROLLER,validation_2024,speculative_risk_on->speculative_risk_on,17,0.0314712876544401,0.030986217615278096,513.7248512824481,0.0018658408073731953,3.781175603977473,0.5882352941176471,0.4117647058823529,-0.013722812239328808,-0.009362651351649664,0.4747895721801607,0.027928798363538867,0.06526305426842917,23.19006369550517,5.5242408036326776,531.3906741743115,0.4982430571324568,0.5578736672916069,0.5610356347307536,1,0,0,13,0.7647058823529411,0
V285_LOW_SKEW_HOURLY_CONTROLLER,validation_2024,transition->deleveraging,5,0.019248332785904296,0.01906542698952472,320.25981917344325,0.003821598275011118,41.504583572205405,1.0,0.0,0.0011530461141449067,0.0016039484172598595,0.0,0.0,,0.0,-3.390430431685722,323.650249605159,0.48091106464114153,0.5339275142970955,0.5357397077972071,0,0,0,0,0.0,5
V285_LOW_SKEW_HOURLY_CONTROLLER,validation_2024,transition->transition,184,0.06163753765113441,0.05981256291631818,1014.3750895914854,0.00033273348818697326,1.6229072777728208,0.5489130434782609,0.45108695652173914,-0.009561139913000893,-0.005302028838979123,1.658326987110204,0.009012646669077196,0.03606801516300919,85.62908885196003,-61.58403649250663,1161.5882149363447,0.5083045088012573,0.5807061831116715,0.5820859261871403,5,0,0,5,0.02717391304347826,0
V285_LOW_SKEW_HOURLY_CONTROLLER,validation_2024,transition->transition_2,5,-0.0006679233809770365,-0.0006681465411732725,-8.316777038493456,-0.00012847612747284297,-0.6847671912440086,0.6,0.4,-0.005526562227093024,-0.004539618644540222,0.0,0.0,,0.0,-9.378658158380993,1.0618811199147018,0.5196919360520763,0.577468755512686,0.5784932456043637,0,0,0,0,0.0,5
V285_LOW_SKEW_HOURLY_CONTROLLER,validation_2024,transition_2->rotation,2,-0.022991654317405966,-0.02326008482374613,-406.5675560270829,-0.011527598108913073,-18.70109402233989,0.0,1.0,-0.01985487964254906,-0.019022151489185464,0.1111371955278478,0.0555685977639239,-0.20929163016280916,5.820427594992154,-4.350946653797809,-396.3961817782412,0.5600663852692596,0.6111865295241062,0.6141118434555546,0,1,0,1,0.5,2
V285_LOW_SKEW_HOURLY_CONTROLLER,validation_2024,transition_2->transition,5,-0.0028044118838815783,-0.002808351614364092,-46.51466672708011,-0.0005587310186529581,-4.0474795095375375,0.4,0.6,-0.0034579219966082153,-0.0031700737621100485,0.0,0.0,,0.0,-4.355690363132213,-42.158976363889984,0.5094322270399859,0.5308080887790919,0.5321625854233906,0,0,0,0,0.0,5
V285_LOW_SKEW_HOURLY_CONTROLLER,validation_2024,transition_2->transition_2,53,0.016024966628088496,0.01589792230721081,261.73053595045894,0.00032116265955023897,0.9357150104249917,0.5094339622641509,0.49056603773584906,-0.028820706434144028,-0.007264156674092392,1.3098489330356768,0.024714130811993903,0.012137218198411735,67.2311135580335,-75.38603201824735,404.3476815267794,0.5045105639951322,0.6063583290249457,0.6055236437271192,2,2,0,1,0.018867924528301886,0
V365_DOWNSIDE_VOL_COMPRESSION_ENSEMBLE,development_2021_2023,START->calm_risk_on,1,-0.005225727251737755,-0.005239429120055873,-52.257272517377714,-0.005225727251737755,0.0,0.0,1.0,-0.005225727251737755,-0.005225727251737755,0.3332823140584049,0.3332823140584049,-0.01572069353532425,9.99846942175215,-0.8977044623803921,-41.361098633247046,0.3393376956680525,0.3393376956680525,,1,0,0,1,1.0,1
V365_DOWNSIDE_VOL_COMPRESSION_ENSEMBLE,development_2021_2023,calm_risk_on->calm_risk_on,104,0.4586257603877974,0.3774947324485129,4547.4822509392725,0.00372833101986559,5.1704915450396065,0.6057692307692307,0.3942307692307692,-0.04512819330955098,-0.00929150054279646,4.932387553428224,0.04742680339834831,0.07653387499652933,177.6564445851384,13.72837695730481,4711.4103185671265,0.34513319656634434,0.5289543004468745,,15,0,0,16,0.15384615384615385,0
V365_DOWNSIDE_VOL_COMPRESSION_ENSEMBLE,development_2021_2023,calm_risk_on->speculative_risk_on,2,0.02466417272696381,0.02436492254191395,342.0633320106863,0.01227079219464855,31.336400793984012,1.0,0.0,0.006980801323433816,0.00750980041055529,0.0,0.0,,0.0,-1.781462518072769,343.84479452876167,0.3285799594388824,0.330339004079633,,0,0,0,1,0.5,2
V365_DOWNSIDE_VOL_COMPRESSION_ENSEMBLE,development_2021_2023,deleveraging->deleveraging,236,0.06641691837001755,0.06430435469464105,1118.7684743564132,0.0002782210823319429,1.5696254073363987,0.5,0.5,-0.010963516451156674,-0.005518360340554834,9.563914778366168,0.04052506262019563,0.006723643631800152,495.96356238978586,-17.48392945501887,1632.215966201216,0.30668450209371584,0.4710122012287877,,37,0,3,5,0.0211864406779661,0
V365_DOWNSIDE_VOL_COMPRESSION_ENSEMBLE,development_2021_2023,deleveraging->rotation,2,-0.013926063223144776,-0.014023940601752705,-260.20820208755686,-0.006959234996178065,-12.560449220321448,0.5,0.5,-0.014444165357956673,-0.013695672321778813,0.4293837496368638,0.2146918748184319,-0.03266062260999155,24.091841739291485,-69.83169815385847,-166.2846621943969,0.4088352826761896,0.415259302751502,,1,0,0,0,0.0,2
V365_DOWNSIDE_VOL_COMPRESSION_ENSEMBLE,development_2021_2023,deleveraging->transition,36,-0.031085663230918513,-0.03157907474629031,-520.738398704183,-0.0008742912361840777,-7.33902498457476,0.3055555555555556,0.6944444444444444,-0.005850545823658404,-0.0048731673631097205,1.5540003496440944,0.04316667637900262,-0.020321150348211133,78.78837317683724,-1.0718450328153621,-440.87818049453165,0.3026928690024828,0.4366892722466988,,6,0,0,0,0.0,36
V365_DOWNSIDE_VOL_COMPRESSION_ENSEMBLE,development_2021_2023,deleveraging->transition_2,7,-0.002550546687414407,-0.002553804872898672,-59.319348194669146,-0.0003623738602008978,-2.9331280470040917,0.2857142857142857,0.7142857142857143,-0.004363780256520511,-0.0034504778719310902,0.6160471445181059,0.08800673493115799,-0.004145469864804502,30.135639089731008,-2.7854890983923872,-26.398220006535755,0.36080496176426285,0.4451346690494823,,2,0,0,0,0.0,7
V365_DOWNSIDE_VOL_COMPRESSION_ENSEMBLE,development_2021_2023,rotation->deleveraging,3,0.0058122431930695065,0.005795417273677636,89.69934696333803,0.0019355433098836954,15.60190501274638,0.6666666666666666,0.3333333333333333,-0.0007692925423301578,-0.0003996782830856027,0.2370834242086661,0.07902780806955537,0.024444632909371468,13.019620630480782,-3.021302109527103,105.74026970334126,0.3071263395888168,0.3535828214352866,,1,0,0,0,0.0,3
V365_DOWNSIDE_VOL_COMPRESSION_ENSEMBLE,development_2021_2023,rotation->rotation,133,-0.0077356253275215545,-0.007765700477584722,-145.50478405574358,-5.14738612075208e-05,-0.2631498687098487,0.47368421052631576,0.5263157894736842,-0.009634951654169388,-0.005825852142052978,4.982382052675877,0.03746151919305171,-0.0015586320750762205,254.76831658934583,-30.47290023821969,139.73643277183857,0.34079785873938023,0.4604273519342189,,19,0,0,14,0.10526315789473684,0
V365_DOWNSIDE_VOL_COMPRESSION_ENSEMBLE,development_2021_2023,rotation->transition_2,8,0.007259191738280259,0.007232970625522675,129.56891983173955,0.0009080295437925157,6.133515213117724,0.625,0.375,-0.003296629827587716,-0.003050909778516503,0.879404454948649,0.10992555686858113,0.008224851016868035,47.614112940415126,0.29104426808201866,176.89198850406908,0.33899987073274884,0.4076974715022813,,3,0,0,0,0.0,8
V365_DOWNSIDE_VOL_COMPRESSION_ENSEMBLE,development_2021_2023,speculative_risk_on->calm_risk_on,1,-0.0027206164824939982,-0.002724324085687461,-34.664610553019884,-0.0027206164824939982,0.0,0.0,1.0,-0.0027206164824939982,-0.0027206164824939982,0.0,0.0,,0.0,0.6350425641190904,-35.299653117141496,0.3377113516288925,0.3377113516288925,,0,0,0,1,1.0,1
V365_DOWNSIDE_VOL_COMPRESSION_ENSEMBLE,development_2021_2023,speculative_risk_on->rotation,1,0.002115860628308708,0.002113625347682354,32.99251193240707,0.002115860628308708,0.0,1.0,0.0,0.002115860628308708,0.002115860628308708,0.0,0.0,,0.0,0.1482659069396291,32.844246025468706,0.2515973668488807,0.2515973668488807,,0,0,0,1,1.0,1
V365_DOWNSIDE_VOL_COMPRESSION_ENSEMBLE,development_2021_2023,speculative_risk_on->speculative_risk_on,41,0.05162646883014005,0.0503379836121158,790.3276935109825,0.001256395551253304,3.182096026331783,0.7073170731707317,0.2926829268292683,-0.024221652381718806,-0.013465987477408126,1.5106039718596496,0.03684399931364999,0.03332308437541478,68.23203756869663,-3.3415721605243203,861.9013032402047,0.34382132849152924,0.4605812928343542,,6,0,0,12,0.2926829268292683,0
V365_DOWNSIDE_VOL_COMPRESSION_ENSEMBLE,development_2021_2023,transition->deleveraging,31,-0.0038031333540907626,-0.003810383654155056,-56.49314567208421,-0.00011997141653380215,-0.9305091466340922,0.5483870967741935,0.45161290322580644,-0.00524230294902106,-0.004176792220775938,0.5672590371905896,0.018298678619051278,-0.006717184574134569,26.923234903786195,-3.784832585475356,-25.785078182842028,0.30330277583004467,0.417383318125953,,3,0,0,0,0.0,31
V365_DOWNSIDE_VOL_COMPRESSION_ENSEMBLE,development_2021_2023,transition->rotation,1,-4.621384587222277e-05,-4.6214913764899e-05,-0.8594700821886363,-4.621384587222277e-05,0.0,0.0,1.0,-4.621384587222277e-05,-4.621384587222277e-05,0.0,0.0,,0.0,0.1257456318632756,-0.9852157140513,0.3588277892580001,0.3588277892580001,,0,0,0,0,0.0,1
V365_DOWNSIDE_VOL_COMPRESSION_ENSEMBLE,development_2021_2023,transition->transition,240,0.06669616226660374,0.06456617288019922,1100.982101168911,0.0002739834630499589,1.6585271502735626,0.49583333333333335,0.5041666666666667,-0.009004086855124438,-0.003727624768916676,7.529386803578539,0.03137244501491058,0.008575223263800506,406.08951097098804,45.306285190672625,1461.7653269491784,0.3295049497978097,0.4637780534845413,,30,0,0,3,0.0125,0
V365_DOWNSIDE_VOL_COMPRESSION_ENSEMBLE,development_2021_2023,transition->transition_2,12,0.011270453942311425,0.011207415581377202,169.89762809224158,0.0009421092241667187,4.383320912778287,0.5,0.5,-0.004762372747162402,-0.004622919897321142,0.6374680522666201,0.053122337688885,0.017581140798393638,35.9868306289866,4.216887480635107,201.66757124058557,0.2902488682907404,0.4621670804608616,,3,0,0,0,0.0,12
V365_DOWNSIDE_VOL_COMPRESSION_ENSEMBLE,development_2021_2023,transition_2->deleveraging,11,-0.000617212217529423,-0.0006174027714023099,-13.969742797908111,-5.189228973766603e-05,-0.3251123291866442,0.5454545454545454,0.45454545454545453,-0.006919143966379604,-0.005167211430165297,0.591037859248053,0.05373071447709572,-0.001044607822902918,31.577365167002544,-22.136446376877316,39.74406874597886,0.3072925105670659,0.4693342805664419,,2,0,0,0,0.0,11
V365_DOWNSIDE_VOL_COMPRESSION_ENSEMBLE,development_2021_2023,transition_2->rotation,8,0.005807790119202658,0.005790989922793161,119.64570083095168,0.0007293624047612773,4.034125340609393,0.75,0.25,-0.006025542898572822,-0.004760183474852703,0.3785017519024111,0.047312718987801386,0.015299770459942942,18.93140488228434,-0.7511358476884704,139.32824156093233,0.35410865559459226,0.4295090633699673,,1,0,0,1,0.125,8
V365_DOWNSIDE_VOL_COMPRESSION_ENSEMBLE,development_2021_2023,transition_2->transition,8,0.0028514609063663397,0.002847403203473384,53.272185283041836,0.00035687313623757044,4.793971950977901,0.5,0.5,-0.0014026658538351944,-0.0013101203650037862,0.0,0.0,,0.0,2.723411321405485,50.54877396161636,0.26992707213532546,0.3664720901325322,,0,0,0,0,0.0,8
V365_DOWNSIDE_VOL_COMPRESSION_ENSEMBLE,development_2021_2023,transition_2->transition_2,209,0.09468387016218634,0.09046561853748464,1579.2856623969947,0.00043823636885683147,2.5637375259076536,0.5119617224880383,0.4880382775119617,-0.00819582202425273,-0.004408739435655296,7.405081849746903,0.03543101363515264,0.012216693937093572,412.54884830194504,-24.499434084765547,2016.3339447837493,0.3088098747323111,0.4541645250748959,,28,0,0,0,0.0,0
V365_DOWNSIDE_VOL_COMPRESSION_ENSEMBLE,final_2026h1,deleveraging->deleveraging,45,-0.022721979491229786,-0.022984101904811458,-383.58890671520567,-0.000508212615546645,-4.369704441442044,0.3333333333333333,0.6666666666666666,-0.005162141942724574,-0.004282446422595232,2.9451849394074303,0.065448554209054,-0.007803958792970009,147.8853356033697,-37.14404846404354,-198.55952264784264,0.35188617704598557,0.4156989824847195,,10,0,0,0,0.0,0
V365_DOWNSIDE_VOL_COMPRESSION_ENSEMBLE,final_2026h1,deleveraging->transition,13,0.0038283952326899503,0.0038210855778863686,65.04175954832681,0.00029722491008838265,2.1361197614075724,0.5384615384615384,0.46153846153846156,-0.002235364024545383,-0.0022192629620395145,0.0,0.0,,0.0,-7.090536303644028,72.13229585197752,0.3626272537736159,0.4234915599087782,,0,0,0,0,0.0,13
V365_DOWNSIDE_VOL_COMPRESSION_ENSEMBLE,final_2026h1,transition->deleveraging,13,0.013230991567812133,0.013144226486322429,217.89885326640433,0.0010155618214787805,6.622539416598256,0.6923076923076923,0.3076923076923077,-0.003832247965532387,-0.0033414179805137945,0.2861839164950645,0.02201414742269727,0.045929298359256715,14.414712791988634,-16.622732419080883,248.9362984774636,0.3464618976021257,0.4175934340907741,,1,0,0,0,0.0,13
V365_DOWNSIDE_VOL_COMPRESSION_ENSEMBLE,final_2026h1,transition->transition,99,-0.007601736221683387,-0.007630776684041862,-129.70543331759836,-7.416546219203358e-05,-0.5847515186103812,0.494949494949495,0.5050505050505051,-0.008231590586131987,-0.004370800084273562,2.969114332387117,0.029991053862496134,-0.0025700514799330237,148.53769763083704,-43.85039321917379,62.682657532404484,0.34741712298229427,0.4252060532478884,,12,0,0,2,0.020202020202020204,0
V365_DOWNSIDE_VOL_COMPRESSION_ENSEMBLE,final_2026h1,transition->transition_2,3,-0.0005102840851589339,-0.0005104143243906065,-7.901784256842802,-0.00016894838967044615,-1.7196429443910528,0.6666666666666666,0.3333333333333333,-0.002287196863026031,-0.0020091915735717556,0.3326846069891897,0.11089486899639657,-0.0015342288572046617,16.444482085675602,0.3159367890998264,8.226761039737312,0.3303280358676192,0.3836420465663483,,1,0,0,1,0.3333333333333333,3
V365_DOWNSIDE_VOL_COMPRESSION_ENSEMBLE,final_2026h1,transition_2->transition,3,-3.714011804476519e-05,-3.714080775602674e-05,-0.7718507428471639,-1.1379233296082703e-05,-0.12542359956707164,0.3333333333333333,0.6666666666666666,-0.0013687821460797167,-0.0012925495304662248,0.4024110494698374,0.1341370164899458,-9.229569566978458e-05,20.338157438608874,0.09115165633040952,19.475155039420518,0.338031039022001,0.3964022823561008,,1,0,0,0,0.0,3
V365_DOWNSIDE_VOL_COMPRESSION_ENSEMBLE,final_2026h1,transition_2->transition_2,5,0.0009517515991403934,0.0009512989707575852,14.941945675982424,0.00019088747957920482,2.954271349052353,0.6,0.4,-0.0016368966567966714,-0.0013280290737512467,0.2517615084545248,0.05035230169090495,0.003778571937375473,12.410122198796266,-0.16966277490552717,27.52173064969035,0.32522844565862813,0.3722330964279573,,1,0,0,0,0.0,0
V365_DOWNSIDE_VOL_COMPRESSION_ENSEMBLE,holdout_2025,deleveraging->deleveraging,121,-0.018707951338022437,-0.018885158664050602,-340.58669024374467,-0.00014948666093039155,-0.7836161644742516,0.48760330578512395,0.512396694214876,-0.009208846928064673,-0.006134542361227124,5.370671710190084,0.04438571661314119,-0.0035163494778909505,283.76199982049286,-23.92042009522609,-32.904270327958656,0.32779663978127827,0.4470116659729281,,20,0,0,17,0.14049586776859505,0
V365_DOWNSIDE_VOL_COMPRESSION_ENSEMBLE,holdout_2025,deleveraging->transition,8,0.00626674561400241,0.00624719121614367,110.60710261407439,0.0007876668266402764,3.908770047667251,0.5,0.5,-0.003356041108390939,-0.003158597678266212,0.0,0.0,,0.0,-2.9753350697062064,113.5824376838099,0.33051804331524237,0.3757323033096904,,0,0,0,0,0.0,8
V365_DOWNSIDE_VOL_COMPRESSION_ENSEMBLE,holdout_2025,deleveraging->transition_2,1,0.0009915788274621473,0.0009910875379179965,16.9965708833588,0.0009915788274621473,0.0,1.0,0.0,0.0009915788274621473,0.0009915788274621473,0.0,0.0,,0.0,-1.4083844728243742,18.404955356188538,0.3967075179829115,0.3967075179829115,,0,0,0,0,0.0,1
V365_DOWNSIDE_VOL_COMPRESSION_ENSEMBLE,holdout_2025,rotation->transition_2,1,0.0017522007094386005,0.0017506673966287622,30.989515456560184,0.0017522007094386005,0.0,1.0,0.0,0.0017522007094386005,0.0017522007094386005,0.0,0.0,,0.0,-0.1409915015415023,31.130506958108377,0.4144647405595678,0.4144647405595678,,0,0,0,0,0.0,1
V365_DOWNSIDE_VOL_COMPRESSION_ENSEMBLE,holdout_2025,transition->deleveraging,6,0.0033528552946787034,0.0033472470077186038,58.09161385684638,0.0005596568293915194,5.40742479907443,0.5,0.5,-0.001428911375472075,-0.0012342277755847675,0.0,0.0,,0.0,-0.9303725898105599,59.02198644667039,0.3469273022325216,0.4018304951138589,,0,0,0,0,0.0,6
V365_DOWNSIDE_VOL_COMPRESSION_ENSEMBLE,holdout_2025,transition->transition,43,-0.018826039255406612,-0.019005505123006503,-327.04742551295567,-0.0004384115565235614,-3.140204587477699,0.4186046511627907,0.5813953488372093,-0.008243334139970804,-0.00432107492009357,1.2977157226387948,0.030179435410204528,-0.014645353209068332,67.23438994321958,-13.99211209983448,-245.82092346991848,0.3315203720390014,0.399345378366796,,6,0,0,0,0.0,0
V365_DOWNSIDE_VOL_COMPRESSION_ENSEMBLE,holdout_2025,transition->transition_2,9,0.0014555699197400646,0.0014545116046876705,25.002952137234388,0.00016398386570253768,1.3594843991811192,0.4444444444444444,0.5555555555555556,-0.0037766918989267095,-0.002658969499220798,0.3917023033397109,0.043522478148856764,0.003713308786510298,20.513410954626913,-0.4017696618760157,45.91813275374989,0.31699225070721126,0.4147347895584767,,2,0,0,0,0.0,9
V365_DOWNSIDE_VOL_COMPRESSION_ENSEMBLE,holdout_2025,transition_2->deleveraging,3,-0.004719830000313163,-0.004731003570025439,-85.26539451682038,-0.0015721660413244853,-9.15267067036245,0.3333333333333333,0.6666666666666666,-0.004269670527693781,-0.00409552401503418,0.0,0.0,,0.0,2.2157866202137773,-87.4811811370309,0.3332433378613487,0.3675207869740519,,0,0,0,1,0.3333333333333333,3
V365_DOWNSIDE_VOL_COMPRESSION_ENSEMBLE,holdout_2025,transition_2->rotation,1,0.001222703928481339,0.0012219570347908834,21.598398623693356,0.001222703928481339,0.0,1.0,0.0,0.001222703928481339,0.001222703928481339,0.0,0.0,,0.0,0.0130649838482613,21.58533363984805,0.404233161635434,0.404233161635434,,0,0,0,1,1.0,1
V365_DOWNSIDE_VOL_COMPRESSION_ENSEMBLE,holdout_2025,transition_2->transition,8,-0.005628278616361956,-0.0056441770584246785,-98.63017516253967,-0.0007042266471401631,-8.698852851504217,0.375,0.625,-0.0023989779510686926,-0.0022334552041790414,0.2974259166351625,0.03717823957939531,-0.01897674931047824,15.61418606411936,-1.3798663320495208,-81.63612276635268,0.28165604054974114,0.3303724169392231,,1,0,0,0,0.0,8
V365_DOWNSIDE_VOL_COMPRESSION_ENSEMBLE,holdout_2025,transition_2->transition_2,164,0.03749921929794291,0.03681322063852274,648.7622316130401,0.00022872303755290028,1.4980439564365513,0.5121951219512195,0.4878048780487805,-0.008113193267948682,-0.003883498142438857,6.706972806862558,0.04089617565160096,0.005488798254982568,357.528238129962,-13.507117968011617,1019.7975877111068,0.30992342641897114,0.429759864955243,,23,0,1,13,0.07926829268292683,0
V365_DOWNSIDE_VOL_COMPRESSION_ENSEMBLE,validation_2024,calm_risk_on->calm_risk_on,10,0.003899744621382584,0.0038921603288014557,72.4621971632696,0.0003938872053990572,2.354323721996731,0.6,0.4,-0.0047225575228095895,-0.004005934114314718,0.5300173152768528,0.05300173152768528,0.007343458820337593,29.458237671838468,4.636325040230325,97.28410979487822,0.32969133737795764,0.3438374175577848,,2,0,0,4,0.4,0
V365_DOWNSIDE_VOL_COMPRESSION_ENSEMBLE,validation_2024,calm_risk_on->speculative_risk_on,1,0.004522532869974949,0.004512336947566725,84.36210474243853,0.004522532869974949,0.0,1.0,0.0,0.004522532869974949,0.004522532869974949,0.0,0.0,,0.0,-0.2652645421757689,84.62736928461959,0.2961505178852706,0.2961505178852706,,0,0,0,0,0.0,1
V365_DOWNSIDE_VOL_COMPRESSION_ENSEMBLE,validation_2024,deleveraging->deleveraging,2,-0.008837582273941179,-0.008876865320193366,-166.36307998398115,-0.004423120093127564,-18.093635830409628,0.0,1.0,-0.007725555413354179,-0.007395311881331518,0.0,0.0,,0.0,-0.23931114198913783,-166.12376884199017,0.20500477760095276,0.2801978548187869,,0,0,0,0,0.0,0
V365_DOWNSIDE_VOL_COMPRESSION_ENSEMBLE,validation_2024,deleveraging->transition,5,0.004827017202659043,0.004815404509906648,89.68754816257206,0.0009680264015335283,5.523902924706375,0.8,0.2,-0.0038325942903940646,-0.003058497174141461,0.1746124099612293,0.03492248199224586,0.027577676242919125,9.784304336336517,1.5049992145512796,97.96685328435012,0.3039283527180311,0.354082004574044,,1,0,0,0,0.0,5
V365_DOWNSIDE_VOL_COMPRESSION_ENSEMBLE,validation_2024,rotation->calm_risk_on,1,-0.0024761376443597216,-0.002479208343205976,-46.12398474565998,-0.0024761376443597216,0.0,0.0,1.0,-0.0024761376443597216,-0.0024761376443597216,0.0,0.0,,0.0,-0.7685816775954316,-45.35540306806308,0.29400521664709,0.29400521664709,,0,0,0,1,1.0,1
V365_DOWNSIDE_VOL_COMPRESSION_ENSEMBLE,validation_2024,rotation->rotation,68,-0.06505613503309393,-0.06726878896432066,-1180.6588765959314,-0.0009695549117752092,-2.9924496890194665,0.47058823529411764,0.5294117647058824,-0.04068640394538714,-0.007192895527751292,2.437867282489611,0.035850989448376634,-0.027593294125357017,133.76185050270624,-11.59859738597362,-1035.2984287072507,0.3600793286333996,0.5313769234705499,,9,0,0,24,0.35294117647058826,0
V365_DOWNSIDE_VOL_COMPRESSION_ENSEMBLE,validation_2024,rotation->speculative_risk_on,2,0.011206530406665416,0.011144202465814483,189.5255301419893,0.0056451915887693604,7.0893122970681155,0.5,0.5,-0.0051121760700595376,-0.004036439304176648,0.0,0.0,,0.0,1.4084493696567537,188.1170807723293,0.4565828001503589,0.5016439191055911,,0,0,0,2,1.0,2
V365_DOWNSIDE_VOL_COMPRESSION_ENSEMBLE,validation_2024,rotation->transition_2,3,0.007302297350337039,0.007275764665115737,133.15809184076716,0.002428446556824578,53.69313304500626,1.0,0.0,0.0014324867263604268,0.0015766940745204794,0.0,0.0,,0.0,1.3782125573904274,131.77987928336603,0.36193903587733733,0.3932123300958528,,0,0,0,1,0.3333333333333333,3
V365_DOWNSIDE_VOL_COMPRESSION_ENSEMBLE,validation_2024,speculative_risk_on->rotation,3,0.009499202778225338,0.009454369051003324,159.39002642844207,0.003160983211945134,16.30406888564085,0.6666666666666666,0.3333333333333333,-0.00014620338046344994,0.00011500001693020011,0.1294933117967604,0.0431644372655868,0.0730104815439576,6.556393996258777,0.24153458978668446,165.70488583491755,0.38843476685483663,0.4053315696277602,,1,0,0,2,0.6666666666666666,3
V365_DOWNSIDE_VOL_COMPRESSION_ENSEMBLE,validation_2024,speculative_risk_on->speculative_risk_on,17,-0.0161731451468398,-0.016305357927832435,-291.9454250495328,-0.0009420107403503787,-3.0244502107874163,0.29411764705882354,0.7058823529411765,-0.013178173232455959,-0.008986495467639011,1.4883031883681228,0.08754724637459546,-0.010955669553937288,77.89113354448516,-2.557103962871976,-211.4971875421969,0.3354695054209458,0.4118468502091995,,3,0,0,13,0.7647058823529411,0
V365_DOWNSIDE_VOL_COMPRESSION_ENSEMBLE,validation_2024,transition->deleveraging,5,0.0016538323467320075,0.001652466271981469,31.44885027741111,0.00033233010713251687,3.005380117483623,0.4,0.6,-0.001441348579529711,-0.0013661529872325494,0.0,0.0,,0.0,0.1920921641900562,31.256758113219497,0.28772330501505483,0.3544017475659292,,0,0,0,0,0.0,5
V365_DOWNSIDE_VOL_COMPRESSION_ENSEMBLE,validation_2024,transition->transition,184,-0.03211137683103525,-0.03263825703506832,-591.1493010465892,-0.0001745289636506495,-1.3963050744613044,0.47282608695652173,0.5271739130434783,-0.008826863206696789,-0.004372156493236523,7.349855668866153,0.03994486776557692,-0.00444066638931746,408.38357607670855,18.84139350980562,-201.60711847965973,0.3020997804432209,0.4261094910952563,,26,0,0,5,0.02717391304347826,0
V365_DOWNSIDE_VOL_COMPRESSION_ENSEMBLE,validation_2024,transition->transition_2,5,-0.008463064851600257,-0.008499079927514162,-157.80809640570442,-0.001696690724568306,-15.831233280366002,0.2,0.8,-0.004884707659847831,-0.00440748306002694,0.5740044457790695,0.1148008891558139,-0.01480664477429048,31.93801108671385,5.092814021838264,-130.96289934082355,0.2950057309318666,0.3822885454249674,,2,0,0,0,0.0,5
V365_DOWNSIDE_VOL_COMPRESSION_ENSEMBLE,validation_2024,transition_2->rotation,2,-0.0013102191816792644,-0.0013110782693086676,-40.8036093488663,-0.0005956293768460963,-0.7366473869686868,0.5,0.5,-0.011518779212934316,-0.010426464229325494,0.0,0.0,,0.0,-1.0425464101895578,-39.761062938678066,0.30762102966507676,0.3221182069522986,,0,0,0,1,0.5,2
V365_DOWNSIDE_VOL_COMPRESSION_ENSEMBLE,validation_2024,transition_2->transition,5,0.00030665840272251285,0.00030661139264497733,3.583412926480378,6.264757642919783e-05,0.6578354339047319,0.6,0.4,-0.0020254074604195704,-0.0018418409032029182,0.0,0.0,,0.0,0.6280890377457673,2.9553238887310087,0.3043152976660874,0.3770218376331893,,0,0,0,0,0.0,5
V365_DOWNSIDE_VOL_COMPRESSION_ENSEMBLE,validation_2024,transition_2->transition_2,53,-0.014908227553858462,-0.015020472154019903,-249.52441073417504,-0.00027400255167934226,-1.2010075747158062,0.5094339622641509,0.49056603773584906,-0.017563356010855014,-0.006281419420723866,2.6410510729758463,0.049831152320298985,-0.005687308476429934,144.49647760836345,19.14099239360786,-124.16892551940094,0.32787669509980144,0.3974592733002999,,8,0,0,1,0.018867924528301886,0
