strategy_id,period,state_label,days,compound_return,log_return_contribution,dollar_pnl,mean_daily_return,annualized_sharpe,positive_day_rate,negative_day_rate,worst_day,return_q05,turnover,average_daily_turnover,log_return_per_turnover,costs,funding_pnl,price_pnl,average_gross,max_gross,max_stress_gross,rebalance_events,risk_reductions,forced_exits,novelty_days,novelty_share,state_entry_days
V285_LOW_SKEW_HOURLY_CONTROLLER,development_2021_2023,calm_risk_on,106,0.05028570493973268,0.04906222709955908,502.10426577337785,0.00050308023842026,1.0671298493785921,0.3867924528301887,0.3584905660377358,-0.03760641976687851,-0.011048035696163638,1.6442298372610722,0.015511602238312001,0.029839032225133462,50.4938456140916,-16.848372436788928,569.4464838242397,0.3838095737041795,0.627557557834669,0.6487826328668371,2,6,0,18,0.16981132075471697,2
V285_LOW_SKEW_HOURLY_CONTROLLER,development_2021_2023,deleveraging,281,0.10852089855939319,0.10302660290453611,1401.0385866827382,0.00037923128958404696,1.4448881606837185,0.5231316725978647,0.47686832740213525,-0.020974656700740613,-0.006866257602084924,2.2879572177655096,0.008142196504503593,0.045029951654933086,102.94570800341691,-24.14878390767516,1528.1330785938267,0.46126333058054125,0.6123638022029383,0.6111959218778896,8,2,1,5,0.017793594306049824,45
V285_LOW_SKEW_HOURLY_CONTROLLER,development_2021_2023,rotation,145,0.15979714892949484,0.14824511821394565,1818.2872455164452,0.0010357137586500555,3.8929243042510726,0.593103448275862,0.4068965517241379,-0.01097937645566227,-0.00734822430294908,2.1803842764730668,0.015037132941193564,0.06799036289774714,90.87915464001783,16.655073017412867,1892.5113271393673,0.488954200586329,0.6026852084694061,0.6025785448685397,5,1,0,16,0.1103448275862069,12
V285_LOW_SKEW_HOURLY_CONTROLLER,development_2021_2023,speculative_risk_on,43,0.012828793903456705,0.012747202003113484,135.49177210813104,0.00033252787438000487,0.741928801609206,0.5581395348837209,0.4418604651162791,-0.031846650640751206,-0.01247703862313121,0.9055051224947807,0.02105825866266932,0.014077448803374339,28.685628409454832,-1.534863782070985,165.7122642996102,0.4916294802368098,0.6013719189027547,0.6101870631816512,2,2,0,13,0.3023255813953488,2
V285_LOW_SKEW_HOURLY_CONTROLLER,development_2021_2023,transition,284,0.15835143378826133,0.1469978165185807,1957.94280808459,0.0005274936207434376,2.2763942831456743,0.5774647887323944,0.4225352112676056,-0.015622200425184363,-0.0058275039652536335,2.9226519939087074,0.010291028147565872,0.050296038264202717,126.91508543378504,2.6345925570866484,2082.2233009611227,0.4710238518597285,0.6013857079431945,0.6008475325699962,8,1,0,3,0.01056338028169014,44
V285_LOW_SKEW_HOURLY_CONTROLLER,development_2021_2023,transition_2,236,0.06268623632105395,0.06079988769981746,1020.2008912665697,0.0002796373824594955,0.811724082064659,0.576271186440678,0.423728813559322,-0.06411163739741577,-0.0074210862453238935,3.6500917639728723,0.01546649052530878,0.016657084706725563,166.36752083921,25.872708500111024,1160.6957036054787,0.5061703419058265,0.6156678792852063,0.6210715852097192,9,2,0,0,0.0,27
V285_LOW_SKEW_HOURLY_CONTROLLER,final_2026h1,deleveraging,58,0.0008781747804493627,0.0008777894105750875,13.834427392921498,1.7168427373975645e-05,0.16119887609391365,0.46551724137931033,0.5344827586206896,-0.004830173902739099,-0.0031815593368804294,1.1478171958226862,0.01978995165211528,0.0007647466981411975,58.03128508971972,9.606186140724537,62.25952634208175,0.45984090785090315,0.5769662512326523,0.5793626699834153,3,0,0,0,0.0,13
V285_LOW_SKEW_HOURLY_CONTROLLER,final_2026h1,transition,115,0.041491613083465564,0.04065392895815666,683.9845181813726,0.0003576026534667936,2.3950495433167474,0.6,0.4,-0.009081671975413097,-0.0033574736047742083,0.7236372063470243,0.006292497446495864,0.056179987155968364,36.7680127049199,2.156157983776416,718.5963729025135,0.4975048569499949,0.5760870962516347,0.5767066987859153,1,0,0,2,0.017391304347826087,16
V285_LOW_SKEW_HOURLY_CONTROLLER,final_2026h1,transition_2,8,1.5770836734091617e-05,1.577071237575346e-05,1.2156365060727694,5.690960676679735e-06,0.03727592277034275,0.5,0.5,-0.003514835514301984,-0.0033001435109795306,0.4605251517509933,0.05756564396887416,3.4245062003216514e-05,23.4367960623778,-0.001569837331545823,24.654002405762572,0.5344195537349101,0.5641195547176924,0.5662622139257996,1,0,0,1,0.125,3
V285_LOW_SKEW_HOURLY_CONTROLLER,holdout_2025,deleveraging,130,-0.07681365060707779,-0.07992416952379477,-1349.6940785718434,-0.0006064474416535758,-2.8540890399307224,0.4230769230769231,0.5769230769230769,-0.009905376708962299,-0.006342451624989804,1.2790857899813761,0.0098391214613952,-0.06248538616394018,65.23114749434728,-13.725483760885552,-1270.7374473168334,0.4583015746050303,0.5308817392676413,0.5326718443541208,4,0,0,18,0.13846153846153847,9
V285_LOW_SKEW_HOURLY_CONTROLLER,holdout_2025,rotation,1,0.0017820307247484735,0.0017804447918377514,29.948217170534917,0.0017820307247484735,0.0,1.0,0.0,0.0017820307247484735,0.0017820307247484735,0.0,0.0,,0.0,0.0,29.948217170565737,0.48085013277905686,0.4831926269146995,0.4844021774738766,0,0,0,1,1.0,1
V285_LOW_SKEW_HOURLY_CONTROLLER,holdout_2025,transition,59,0.006936613580968108,0.006912665956812541,112.47736714687562,0.0001261846286914473,0.5627770719658389,0.4745762711864407,0.5254237288135594,-0.009997482682426284,-0.00692637354776463,0.2188601870772748,0.0037094946962249967,0.03158484898110696,10.890107172175904,-7.810684006168831,131.17815832537883,0.48111000027885803,0.5444740241475694,0.5441190301788338,1,0,0,0,0.0,16
V285_LOW_SKEW_HOURLY_CONTROLLER,holdout_2025,transition_2,175,0.039130109862045806,0.03838393032320588,657.030828326253,0.0002241421589477634,1.3807822432366499,0.52,0.48,-0.011975985526983646,-0.004689571867076192,1.7556748304322514,0.010032427602470008,0.021862778720678967,90.00319976872277,-36.38429560878821,783.4183237038344,0.4980650314946427,0.6036631430893223,0.602184276359218,4,1,0,13,0.07428571428571429,11
V285_LOW_SKEW_HOURLY_CONTROLLER,validation_2024,calm_risk_on,11,-0.047244241141665144,-0.0483966947874114,-792.5460429732357,-0.004346629045107782,-8.491457712678017,0.2727272727272727,0.7272727272727273,-0.018250654254370557,-0.015015306105542359,0.1006985111524685,0.009154410104769863,-0.48060983457971423,5.011394900973112,-13.518340279809271,-774.0163077924802,0.5342824659764857,0.6006908233191901,0.6036888247177866,0,1,0,5,0.45454545454545453,1
V285_LOW_SKEW_HOURLY_CONTROLLER,validation_2024,deleveraging,7,0.02280554940251531,0.022549390116807563,379.23547496569336,0.003228320439007369,30.183086653130083,0.8571428571428571,0.14285714285714285,-5.986201963659177e-05,0.0003040104204978578,0.0,0.0,,0.0,-4.369323053033185,383.6047980187551,0.47531866978065657,0.5339275142970955,0.5357397077972071,0,0,0,0,0.0,5
V285_LOW_SKEW_HOURLY_CONTROLLER,validation_2024,rotation,73,-0.06840639698741724,-0.07085860766299915,-1203.1694298782859,-0.0009302154880055627,-1.9766393852961603,0.4931506849315068,0.5068493150684932,-0.032464949721352165,-0.015417624064680457,1.4167752883803086,0.019407880662743952,-0.050014005921861046,72.64007888593922,-44.00132155413362,-1086.5280294381605,0.5059058744490544,0.6111865295241062,0.6141118434555546,2,4,0,27,0.3698630136986301,5
V285_LOW_SKEW_HOURLY_CONTROLLER,validation_2024,speculative_risk_on,20,0.04280669838617647,0.04191582651858202,690.2153257814207,0.002134491673744243,4.63250469117783,0.6,0.4,-0.013722812239328808,-0.008545121185209824,0.4747895721801607,0.023739478609008036,0.08828295517551278,23.19006369550517,5.677773395890796,707.7276160809811,0.5010598954535451,0.5663246230254241,0.5719571606165298,1,0,0,15,0.75,3
V285_LOW_SKEW_HOURLY_CONTROLLER,validation_2024,transition,194,0.05537113869131351,0.053892495293088746,915.7412319069044,0.0002851980211914412,1.4146196501239763,0.5412371134020618,0.4587628865979381,-0.009561139913000893,-0.00522041457575706,1.8860234569352161,0.009721770396573279,0.028574668620857946,97.20512516844846,-70.6049152183947,1083.5512722941671,0.5082653033575378,0.5807061831116715,0.5820859261871403,6,0,0,5,0.02577319587628866,10
V285_LOW_SKEW_HOURLY_CONTROLLER,validation_2024,transition_2,61,0.012374163928191925,0.012298229734784958,203.5521836791704,0.0002205169181074692,0.6808152787936627,0.5081967213114754,0.4918032786885246,-0.028820706434144028,-0.006349415384877988,1.3098489330356768,0.02147293332845372,0.00938904435817866,67.2311135580335,-83.42278352778467,354.2060807650722,0.5045558362536177,0.6063583290249457,0.6055236437271192,2,2,0,2,0.03278688524590164,8
V365_DOWNSIDE_VOL_COMPRESSION_ENSEMBLE,development_2021_2023,calm_risk_on,106,0.44705575628986516,0.36953097924276956,4460.560367868875,0.0035830196446395247,5.001714215193086,0.5943396226415094,0.4056603773584906,-0.04512819330955098,-0.00916354436264244,5.265669867486629,0.049676130825345555,0.07017739215374537,187.65491400689052,13.465715059043507,4634.7495668167385,0.3450085046244976,0.5289543004468745,,16,0,0,18,0.16981132075471697,2
V365_DOWNSIDE_VOL_COMPRESSION_ENSEMBLE,development_2021_2023,deleveraging,281,0.06787638081998863,0.06567198554276134,1138.004932849759,0.0002390636165847951,1.39647321763713,0.5088967971530249,0.49110320284697506,-0.010963516451156674,-0.005420805146409635,10.959295099013477,0.039001050174425185,0.005992354886827797,567.4837830910553,-46.42651052689865,1751.9152264676936,0.30633994725926156,0.4710122012287877,,43,0,3,5,0.017793594306049824,45
V365_DOWNSIDE_VOL_COMPRESSION_ENSEMBLE,development_2021_2023,rotation,145,-0.013834650051466849,-0.013931240722626814,-253.93424346213033,-8.868929318917029e-05,-0.4391401232225617,0.4896551724137931,0.5103448275862069,-0.014444165357956673,-0.006008937370751988,5.790267554215152,0.03993287968424243,-0.0024059753011733045,297.7915632109217,-100.7817227009637,144.63904244979148,0.3419798633003694,0.4604273519342189,,21,0,0,16,0.1103448275862069,12
V365_DOWNSIDE_VOL_COMPRESSION_ENSEMBLE,development_2021_2023,speculative_risk_on,43,0.07756396570161364,0.07470290615402973,1132.3910255216688,0.0017686930695507573,4.325331545485756,0.7209302325581395,0.27906976744186046,-0.024221652381718806,-0.013413771646274076,1.5106039718596496,0.0351303249269686,0.04945234326510191,68.23203756869663,-5.12303467859709,1205.7460977689666,0.34311242760535965,0.4605812928343542,,6,0,0,13,0.3023255813953488,2
V365_DOWNSIDE_VOL_COMPRESSION_ENSEMBLE,development_2021_2023,transition,284,0.03648429553085346,0.03583450133738231,633.5158877477697,0.0001307624356312109,0.8213997672012854,0.47183098591549294,0.528169014084507,-0.009004086855124438,-0.0039891400024656635,9.083387153222633,0.031983757581769835,0.003945059341070674,484.87788414782517,46.957851479262736,1071.4359204162631,0.32442798525579686,0.4637780534845413,,36,0,0,3,0.01056338028169014,44
V365_DOWNSIDE_VOL_COMPRESSION_ENSEMBLE,development_2021_2023,transition_2,236,0.112213528994481,0.10635219987148584,1819.4328621263066,0.0004560353013136112,2.6699062275526257,0.5084745762711864,0.4915254237288136,-0.00819582202425273,-0.00454841527525307,9.538001501480279,0.04041526059949271,0.01115036518446555,526.2854309610777,-22.776991434440806,2368.4952845218686,0.31043171159641414,0.4621670804608616,,36,0,0,0,0.0,27
V365_DOWNSIDE_VOL_COMPRESSION_ENSEMBLE,final_2026h1,deleveraging,58,-0.009791622242470117,-0.009839875418489031,-165.69005344880134,-0.00016667696586853236,-1.296874189879447,0.41379310344827586,0.5862068965517241,-0.005162141942724574,-0.004140819590749412,3.231368855902495,0.05571325613624991,-0.003045110557563022,162.30004839535835,-53.76678088312443,50.37677582962099,0.3506703902740859,0.4175934340907741,,11,0,0,0,0.0,13
V365_DOWNSIDE_VOL_COMPRESSION_ENSEMBLE,final_2026h1,transition,115,-0.003839442334551253,-0.00384683191391152,-65.43552451211872,-3.054430109348346e-05,-0.24110345549016113,0.4956521739130435,0.5043478260869565,-0.008231590586131987,-0.003919732786380803,3.371525381856955,0.029317612016147434,-0.0011409767028930915,168.87585506944595,-50.84977786648739,154.29010842380265,0.34889167470756643,0.4252060532478884,,13,0,0,2,0.017391304347826087,16
V365_DOWNSIDE_VOL_COMPRESSION_ENSEMBLE,final_2026h1,transition_2,8,0.0004409818502873934,0.0004408846463669785,7.040161419139622,5.5949028610585705e-05,0.7730150682104291,0.625,0.375,-0.002287196863026031,-0.002059591790845755,0.5844461154437145,0.07305576443046431,0.0007543632076881144,28.85460428447187,0.1462740141942992,35.74849168942767,0.32714079198699975,0.3836420465663483,,2,0,0,1,0.125,3
V365_DOWNSIDE_VOL_COMPRESSION_ENSEMBLE,holdout_2025,deleveraging,130,-0.020064881602799893,-0.020268915226357424,-367.76047090371867,-0.00014958802400155167,-0.8005188969057173,0.4846153846153846,0.5153846153846153,-0.009208846928064673,-0.0060533134807166985,5.370671710190084,0.041312859309154494,-0.0037740000357683466,283.76199982049286,-22.635006064822868,-61.36346501831923,0.32880528646549106,0.4470116659729281,,20,0,0,18,0.13846153846153847,9
V365_DOWNSIDE_VOL_COMPRESSION_ENSEMBLE,holdout_2025,rotation,1,0.001222703928481339,0.0012219570347908834,21.598398623693356,0.001222703928481339,0.0,1.0,0.0,0.001222703928481339,0.001222703928481339,0.0,0.0,,0.0,0.0130649838482613,21.58533363984805,0.404233161635434,0.404233161635434,,0,0,0,1,1.0,1
V365_DOWNSIDE_VOL_COMPRESSION_ENSEMBLE,holdout_2025,transition,59,-0.018234199039811893,-0.01840249096528751,-315.07049806142095,-0.00030820636431376665,-2.160311401854863,0.423728813559322,0.576271186440678,-0.008243334139970804,-0.004183610951921457,1.5951416392739572,0.027036298970745037,-0.01153658741781925,82.84857600733895,-18.347313501590214,-213.8746085524613,0.32462319777282933,0.399345378366796,,7,0,0,0,0.0,16
V365_DOWNSIDE_VOL_COMPRESSION_ENSEMBLE,holdout_2025,transition_2,175,0.04186198982848844,0.04100948717775717,721.7512700901934,0.0002384583570679956,1.5878603349836835,0.5142857142857142,0.4857142857142857,-0.008113193267948682,-0.0038688497930420727,7.098675110202269,0.040563857772584394,0.0057770621335829315,378.0416490845889,-15.45826360425351,1115.2511827791536,0.31138025398639224,0.429759864955243,,25,0,1,13,0.07428571428571429,11
V365_DOWNSIDE_VOL_COMPRESSION_ENSEMBLE,validation_2024,calm_risk_on,11,0.0014139506725624677,0.0014129519855954798,26.33821241760961,0.0001329758554209864,0.8056471040906356,0.5454545454545454,0.45454545454545453,-0.0047225575228095895,-0.003926309291148622,0.5300173152768528,0.04818339229789571,0.0026658600480956533,29.458237671838468,3.8677433626348927,51.928706726815136,0.32644714458424245,0.3438374175577848,,2,0,0,5,0.45454545454545453,1
V365_DOWNSIDE_VOL_COMPRESSION_ENSEMBLE,validation_2024,deleveraging,7,-0.007198365806640721,-0.0072243990482118966,-134.91422970657004,-0.001026369950084649,-5.66172130231561,0.2857142857142857,0.7142857142857143,-0.007725555413354179,-0.005840293363206839,0.0,0.0,,0.0,-0.047218977799081685,-134.86701072877065,0.2640894400395971,0.3544017475659292,,0,0,0,0,0.0,5
V365_DOWNSIDE_VOL_COMPRESSION_ENSEMBLE,validation_2024,rotation,73,-0.0574115314057706,-0.059125498182625996,-1062.0724595163556,-0.0007895622345009728,-2.3841013284016914,0.4794520547945205,0.5205479452054794,-0.04068640394538714,-0.007655712999247033,2.567360594286372,0.03516932320940236,-0.023029682045525288,140.31824449896504,-12.399609206376493,-909.354605811011,0.3598074069447375,0.5313769234705499,,10,0,0,27,0.3698630136986301,5
V365_DOWNSIDE_VOL_COMPRESSION_ENSEMBLE,validation_2024,speculative_risk_on,20,-0.0006486080772331947,-0.0006488185144512271,-18.05779016510496,-1.0063326922138405e-05,-0.02797734501770552,0.35,0.65,-0.013178173232455959,-0.008200555886735832,1.4883031883681228,0.07441515941840614,-0.000435945121613719,77.89113354448516,-1.4139191353909908,61.24726251475201,0.34561488551710334,0.5016439191055911,,3,0,0,15,0.75,3
V365_DOWNSIDE_VOL_COMPRESSION_ENSEMBLE,validation_2024,transition,194,-0.027141117904878477,-0.02751624113251669,-497.8783399575368,-0.00013896886299951484,-1.1079823950273673,0.4845360824742268,0.5154639175257731,-0.008826863206696789,-0.0042565590126709685,7.5244680788273826,0.03878591793209991,-0.0036569018360172027,418.16788041304505,20.974481762102663,-100.68494130657848,0.3022040095539858,0.4261094910952563,,27,0,0,5,0.02577319587628866,10
V365_DOWNSIDE_VOL_COMPRESSION_ENSEMBLE,validation_2024,transition_2,61,-0.016112568559396964,-0.01624378741641833,-274.1744152991123,-0.00025770900313726124,-1.1836288286005,0.5081967213114754,0.4918032786885246,-0.017563356010855014,-0.006034158842286086,3.2150555187549155,0.05270582817631009,-0.005052412725584599,176.4344886950773,25.61201897283655,-123.35194557685838,0.3268575508619807,0.3974592733002999,,10,0,0,2,0.03278688524590164,8
