name,family,threshold,budget,hold_days,band,prefinal_cagr,prefinal_total_return,prefinal_max_drawdown,prefinal_sharpe,annual_turnover,liquidations,min_margin_buffer,validation_2011_2014_return,validation_2015_2018_return,bridge_2019_2020_return,gate_prefinal_cagr,gate_prefinal_sharpe,gate_prefinal_drawdown,gate_turnover,gate_validation_2011_2014,gate_validation_2015_2018,gate_bridge_2019_2020,gate_no_liquidations,gate_positive_margin,eligible_before_stress,stress_prefinal_cagr,stress_prefinal_max_drawdown,stress_liquidations,stress_min_margin_buffer,gate_stress_prefinal_cagr,gate_stress_prefinal_drawdown,gate_stress_no_liquidations,gate_stress_positive_margin,eligible_before_2021,score
tail_t95_b15_h14,tail_long,0.95,0.15,14,0.0,0.03627279259764893,0.7060811953914585,-0.12201567989555884,0.5190567582864855,1.2723415773093936,0,0.8161417322834645,0.05382212160072242,0.100415697215817,0.1883958967966921,True,True,True,True,True,True,True,True,True,True,0.03363769667395844,-0.12561350666583304,0.0,0.7914173228346456,True,True,True,True,True,0.51787108776091
tail_t95_b10_h14,tail_long,0.95,0.1,14,0.0,0.024582641391518445,0.43922516370179543,-0.08272812515040628,0.5182922971607516,0.8562732003517618,0,0.8440944881889765,0.036586773686617224,0.06950436275054717,0.1233553821701221,True,True,True,True,True,True,True,True,True,True,0.02282885349588648,-0.08525329568930196,0.0,0.8209448818897638,True,True,True,True,True,0.5175307853650678
tail_t95_b05_h14,tail_long,0.95,0.05,14,0.0,0.012490857147942513,0.20455801730927492,-0.04206574411203012,0.5174322955337514,0.43220453262318687,0,0.8720472440944883,0.018632181221394095,0.03599382480424218,0.06055411359921825,False,True,True,True,True,True,True,True,True,False,,,,,False,False,False,False,False,0.5170590924473895
tail_t95_b15_h3,tail_long,0.95,0.15,3,0.0,0.029838678959895892,0.5539812625044833,-0.07820554983963557,0.4563780225384265,1.3478971460638047,0,0.8161417322834645,0.058593547557838965,0.09082217442042517,0.2085646460810784,True,False,True,True,True,True,True,True,True,False,,,,,False,False,False,False,False,0.4634736340777625
tail_t95_b10_h3,tail_long,0.95,0.1,3,0.0,0.020271335895325926,0.3510528704689022,-0.05258003640407849,0.4556030001508733,0.904136310920628,0,0.8440944881889765,0.039577469930480946,0.0628979078046259,0.13599941849296804,True,False,True,True,True,True,True,True,True,False,,,,,False,False,False,False,False,0.4608142906302796
tail_t95_b05_h3,tail_long,0.95,0.05,3,0.0,0.01032566256625711,0.1665102207476754,-0.026511141155844853,0.4547275284837716,0.45488254751071716,0,0.8720472440944882,0.020033689617220185,0.03260361716410931,0.0664919007217768,False,False,True,True,True,True,True,True,True,False,,,,,False,False,False,False,False,0.45757445756325626
tail_t95_b15_h7,tail_long,0.95,0.15,7,0.0,0.030318497226557106,0.564871860328823,-0.09562280655090072,0.4562270144340429,1.3849386523347158,0,0.8161417322834645,0.05343346615598388,0.07441948074428106,0.20856464608107816,True,False,True,True,True,True,True,True,True,False,,,,,False,False,False,False,False,0.4552032190883596
tail_t95_b10_h7,tail_long,0.95,0.1,7,0.0,0.020607889124311107,0.35775009910318634,-0.06475498328509655,0.45546866682487,0.9295048417520206,0,0.8440944881889764,0.03619784139766824,0.05231369797315777,0.13599941849296782,True,False,True,True,True,True,True,True,True,False,,,,,False,False,False,False,False,0.45501190501342376
tail_t95_b05_h7,tail_long,0.95,0.05,7,0.0,0.01050206969132339,0.16956764727855744,-0.032909154953310926,0.45461269821982625,0.4679044918660845,0,0.8720472440944884,0.018374975792496473,0.027497195879118808,0.06649190072177635,False,False,True,True,True,True,True,True,True,False,,,,,False,False,False,False,False,0.45448321520715673
tail_t90_b05_h3,tail_long,0.9,0.05,3,0.0,0.008593267758982392,0.1368787265306235,-0.041366442763167366,0.3566368198411726,0.6372961082965528,0,0.8720472440944882,0.030530452456633217,0.019907747769292383,0.03745146292308932,False,False,True,True,True,True,True,True,True,False,,,,,False,False,False,False,False,0.3467671728945882
tail_t90_b10_h3,tail_long,0.9,0.1,3,0.0,0.01670010788307663,0.2818614979468028,-0.08146534189799803,0.35756349082477595,1.2679405259653764,0,0.8440944881889765,0.06077638900127047,0.03637124279459525,0.07486206242567861,False,False,True,True,True,True,True,True,True,False,,,,,False,False,False,False,False,0.3375516303822764
tail_t90_b05_h7,tail_long,0.9,0.05,7,0.0,0.008572988821450078,0.13653606581803612,-0.05271418278590889,0.34576330803826694,0.6637539077867033,0,0.8720472440944882,0.0390760734926745,0.011727035944053776,0.027434231303821832,False,False,True,True,True,True,True,True,True,False,,,,,False,False,False,False,False,0.32991465521034563
tail_t90_b15_h3,tail_long,0.9,0.15,3,0.0,0.024322639487171394,0.43375916511348556,-0.120314101391923,0.35840371557039225,1.8920828385015538,0,0.8161417322834646,0.09066700046875775,0.04940602262915306,0.11214823271033425,True,False,True,True,True,True,True,True,True,False,,,,,False,False,False,False,False,0.327971115463758
tail_t90_b10_h7,tail_long,0.9,0.1,7,0.0,0.01662000914697348,0.28034822710669904,-0.10300265455493018,0.34667335496605817,1.3194842789816612,0,0.8440944881889764,0.07843807564222027,0.019564211025272504,0.05407494256191847,False,False,True,True,True,True,True,True,True,False,,,,,False,False,False,False,False,0.3152172031927234
tail_t90_b15_h7,tail_long,0.9,0.15,7,0.0,0.024142520989369087,0.42998391552130744,-0.15100450245855201,0.34750112953641465,1.967340814256337,0,0.8161417322834645,0.11801249207665676,0.023609205197699712,0.07984168047130713,True,False,False,True,True,True,True,True,True,False,,,,,False,False,False,False,False,0.30061051214331347
tail_t80_b05_h3,tail_long,0.8,0.05,3,0.0,0.004945132180679934,0.07676217892047865,-0.0634496218750158,0.2001043857435503,0.8865820611952214,0,0.8720472440944882,0.011975816875742451,0.03250509755468789,-0.0082863027328679,False,False,True,True,True,True,True,True,True,False,,,,,False,False,False,False,False,0.16940401855545006
tail_t80_b10_h3,tail_long,0.8,0.1,3,0.0,0.009291288571411815,0.14873239159200913,-0.12318158160765846,0.2011731802788139,1.7654910800262469,0,0.8440944881889764,0.022772524106229097,0.0616535397083291,-0.018025950564498627,False,False,True,True,True,True,True,True,True,False,,,,,False,False,False,False,False,0.14051005581754583
spot_spike_t30_b05_h3,spot_spike_long,0.3,0.05,3,0.0,0.0035633901909282173,0.05477783208747877,-0.061575260273140864,0.15953623525273095,0.5876621453204327,0,0.8720472440944882,0.002248176918206557,0.002004750682195411,0.0421523866529836,False,False,True,True,True,True,True,True,True,False,,,,,False,False,False,False,False,0.12999876404481261
tail_t80_b15_h3,tail_long,0.8,0.15,3,0.0,0.013045508787522975,0.21448927655969796,-0.1794394906782495,0.20216906731935058,2.6368872222100324,0,0.8161417322834645,0.03235632931225241,0.08731044945615052,-0.029157817882807024,False,False,False,True,True,True,False,True,True,False,,,,,False,False,False,False,False,0.11217146733317146
spot_spike_t30_b10_h3,spot_spike_long,0.3,0.1,3,0.0,0.006639586095983141,0.1043057195568986,-0.12105239271742085,0.16082074886288691,1.1704233602489034,0,0.8440944881889764,0.003573755280747992,0.00027914561301845,0.08440918492386107,False,False,True,True,True,True,True,True,True,False,,,,,False,False,False,False,False,0.10186949109365373
spot_spike_t30_b15_h3,spot_spike_long,0.3,0.15,3,0.0,0.00923878129966238,0.1478367260611264,-0.17833897759471729,0.16202856925961584,1.7484263361704133,0,0.8161417322834646,0.003976608931358205,-0.004969904147316906,0.12667016707388412,False,False,False,True,True,False,True,True,True,False,,,,,False,False,False,False,False,0.07385237969987782
tail_t80_b05_h7,tail_long,0.8,0.05,7,0.0,0.0028303894475298907,0.043286119036654025,-0.08109259903187405,0.1159425712708319,0.9015761380993608,0,0.8720472440944882,0.007907901306648757,0.01022158242376392,-0.008787647932691822,False,False,True,True,True,True,True,True,True,False,,,,,False,False,False,False,False,0.07204128926896106
tail_t90_b05_h14,tail_long,0.9,0.05,14,0.0,0.0022411737124086173,0.03413344467878732,-0.08552993906542206,0.08989257878285777,0.6462082267198087,0,0.8720472440944882,0.02136207445085825,-0.004161890730980056,0.027508609110515225,False,False,True,True,True,False,True,True,True,False,,,,,False,False,False,False,False,0.04514787440776588
tail_t80_b10_h7,tail_long,0.8,0.1,7,0.0,0.004997414881535489,0.07760236537350362,-0.15610199127558133,0.1172713389973483,1.7932415047658452,0,0.8440944881889763,0.014475486054067899,0.016065844813855312,-0.01926837658184366,False,False,False,True,True,True,True,True,True,False,,,,,False,False,False,False,False,0.03128275807497018
spot_spike_t20_b05_h3,spot_spike_long,0.2,0.05,3,0.0,0.001993187379670358,0.030303764054897542,-0.10950509809502496,0.08933180703966914,0.947286211587242,0,0.8720472440944881,-0.02979360203614123,-0.001890649117297638,0.03539831073641797,False,False,True,True,False,False,True,True,True,False,,,,,False,False,False,False,False,0.02909277063562496
backwardation_t00_b05_h3,backwardation_long,0.0,0.05,3,0.0,0.0013251290560996054,0.02005262079980774,-0.07330225993869388,0.05875952956578747,0.7247450155462882,0,0.8720472440944881,0.03422010871350145,0.008412398634610518,-0.010712597671314383,False,False,True,True,True,True,True,True,True,False,,,,,False,False,False,False,False,0.01751120755317686
spot_spike_t30_b05_h14,spot_spike_long,0.3,0.05,14,0.0,0.0016737227735190707,0.02538974431485208,-0.10948763074046208,0.07207310525635272,0.702420837947167,0,0.8720472440944882,-0.001719058990164224,-0.02724477926670088,0.015388785186914333,False,False,True,True,False,False,True,True,True,False,,,,,False,False,False,False,False,0.013652527053688145
spot_spike_t10_b05_h14,spot_spike_long,0.1,0.05,14,0.0,0.008612827701075965,0.1372093294617993,-0.2129650264794497,0.11899073686088346,1.6952577278207943,0,0.8720472440944883,-0.07160092788387629,-0.04689748899937762,-0.02802844921093328,False,False,False,True,False,False,False,True,True,False,,,,,False,False,False,False,False,0.012781301745102596
backwardation_t05_b05_h14,backwardation_long,0.05,0.05,14,0.0,0.000906358139133534,0.013675336175096753,-0.07985715403535287,0.04941388595796604,0.3567255259059616,0,0.8720472440944883,0.02137987779533912,-0.039051900693032326,0.029428381644263535,False,False,True,True,True,False,True,True,True,False,,,,,False,False,False,False,False,0.007730769959497053
tail_t90_b10_h14,tail_long,0.9,0.1,14,0.0,0.0036357334234404792,0.05591838456979459,-0.16676074113991524,0.09049864286841479,1.2810605232603303,0,0.8440944881889763,0.04189706981660679,-0.0127017112233343,0.05395491710665001,False,False,False,True,True,False,True,True,True,False,,,,,False,False,False,False,False,0.0015791339127348269
spot_spike_t30_b05_h7,spot_spike_long,0.3,0.05,7,0.0,0.000770492216322527,0.011614299594154387,-0.08979763599020685,0.0429340606754804,0.649765237409265,0,0.872047244094488,-0.009382629016295496,-0.003761828795740718,0.044392516971429874,False,False,True,True,False,False,True,True,True,False,,,,,False,False,False,False,False,-0.006921425261070623
tail_t80_b15_h7,tail_long,0.8,0.15,7,0.0,0.006511773479979777,0.1022053998001562,-0.2254854935258328,0.1185334954467121,2.6751511709500093,0,0.8161417322834645,0.019682513198850504,0.01764832391537796,-0.03136925319516337,False,False,False,True,True,True,False,True,True,False,,,,,False,False,False,False,False,-0.00793721606574484
backwardation_t05_b05_h7,backwardation_long,0.05,0.05,7,0.0,0.0004606087822196514,0.006928104665729684,-0.0821606591678874,0.0313302465732367,0.3558180784992019,0,0.8720472440944881,0.02765202623775509,-0.04134952287123417,0.03276117954278823,False,False,True,True,True,False,True,True,True,False,,,,,False,False,False,False,False,-0.012387046231259713
backwardation_t00_b10_h3,backwardation_long,0.0,0.1,3,0.0,0.0017907505940253365,0.027187327374807113,-0.14466835567905623,0.05972921214064083,1.4395711757471736,0,0.8440944881889763,0.06815580424682754,0.012755998422703696,-0.02333856939196488,False,False,True,True,True,True,False,True,True,False,,,,,False,False,False,False,False,-0.02341917626830834
spot_spike_t20_b10_h3,spot_spike_long,0.2,0.1,3,0.0,0.0033829167727901233,0.05193752549311714,-0.20915511504096784,0.09029721597357857,1.888193441566346,0,0.8440944881889764,-0.05976601426153394,-0.008116536633043347,0.0702740915611888,False,False,False,True,False,False,True,True,True,False,,,,,False,False,False,False,False,-0.02639644241698857
backwardation_t05_b10_h14,backwardation_long,0.05,0.1,14,0.0,0.0012166351823741373,0.018396829420082916,-0.15539108796895884,0.0496927700488741,0.7054610504974945,0,0.8440944881889764,0.04212714795710104,-0.07778648274893485,0.05769600353080717,False,False,False,True,True,False,True,True,True,False,,,,,False,False,False,False,False,-0.03262411407583199
spot_spike_t30_b10_h14,spot_spike_long,0.3,0.1,14,0.0,0.0026281193485697685,0.04013563702829326,-0.20942972497625367,0.07371847919283599,1.3928171262930908,0,0.8440944881889764,-0.0050030811708469125,-0.05864099924759991,0.028892542692813272,False,False,False,True,False,False,True,True,True,False,,,,,False,False,False,False,False,-0.03966831586108222
tail_t90_b15_h14,tail_long,0.9,0.15,14,0.0,0.004173897136365623,0.06443919277405197,-0.2437502947250525,0.0910439158771758,1.9046958847820357,0,0.8161417322834646,0.06154437534762636,-0.025325071110866015,0.0792402412492097,False,False,False,True,True,False,True,True,True,False,,,,,False,False,False,False,False,-0.04153039606043957
backwardation_t02_b05_h14,backwardation_long,0.02,0.05,14,0.0,-0.00039934472462210824,-0.005970587699172469,-0.08835923990024219,0.0019102906040060089,0.5716295768878602,0,0.8720472440944882,0.008071933433991374,-0.018005170443728402,0.008416505809746733,False,False,True,True,True,False,True,True,True,False,,,,,False,False,False,False,False,-0.04878431456423791
spot_spike_t30_b10_h7,spot_spike_long,0.3,0.1,7,0.0,0.0009924298563002143,0.01498303984349314,-0.1737480773175114,0.04430473880253117,1.2923926259634004,0,0.8440944881889764,-0.019759790258132237,-0.011484361811897492,0.08896270860212785,False,False,False,True,False,False,True,True,True,False,,,,,False,False,False,False,False,-0.05350836640325811
backwardation_t05_b10_h7,backwardation_long,0.05,0.1,7,0.0,0.0003512618624514907,0.005279353602136272,-0.16035329338543713,0.031596888715726246,0.7044627544251959,0,0.8440944881889765,0.05501119653108244,-0.0820783927187082,0.06470772187113583,False,False,False,True,True,False,True,True,True,False,,,,,False,False,False,False,False,-0.0549218617963413
backwardation_t00_b15_h3,backwardation_long,0.0,0.15,3,0.0,0.0013896181591155354,0.02103801869586297,-0.21394531888130486,0.06064530604853322,2.1446370527335095,0,0.8161417322834646,0.10171385475700512,0.013167799511433653,-0.03778249860731364,False,False,False,True,True,True,False,True,True,False,,,,,False,False,False,False,False,-0.06499448760122324
backwardation_t05_b15_h14,backwardation_long,0.05,0.15,14,0.0,0.0009113764418962056,0.013751536997449243,-0.22788231640881917,0.04997337363241937,1.0462664968087994,0,0.8161417322834644,0.06219311113214965,-0.11611624399650144,0.08468430707705776,False,False,False,True,True,False,True,True,True,False,,,,,False,False,False,False,False,-0.0726076966562858
backwardation_t00_b05_h7,backwardation_long,0.0,0.05,7,0.0,-0.0011824474243061767,-0.0175822583212083,-0.0886225033196717,-0.022404902754453872,0.7372978949732276,0,0.8720472440944881,0.02639485054325763,-0.0048782679825197794,-0.012858862953532002,False,False,True,True,True,False,True,True,True,False,,,,,False,False,False,False,False,-0.07645402821263435
backwardation_t02_b05_h3,backwardation_long,0.02,0.05,3,0.0,-0.001109495850994513,-0.01650592009349028,-0.09075058007280457,-0.024176688206294997,0.5373045432629975,0,0.8720472440944881,0.01721523375130829,-0.010562860047113931,0.004328188551247836,False,False,True,True,True,False,True,True,True,False,,,,,False,False,False,False,False,-0.07714401537731629
spot_spike_t20_b15_h3,spot_spike_long,0.2,0.15,3,0.0,0.004182093063598957,0.06456945453818164,-0.2995411880301295,0.09119660667097322,2.8228889631574776,0,0.8161417322834644,-0.0898420770998416,-0.01840768875012455,0.1045201883585909,False,False,False,True,False,False,True,True,True,False,,,,,False,False,False,False,False,-0.0784386908484684
spot_spike_t20_b05_h7,spot_spike_long,0.2,0.05,7,0.0,-0.0003562982237257373,-0.005328604675659099,-0.14211917775550642,0.0006587387967728987,1.0035528869089296,0,0.8720472440944882,-0.030472439488293146,-0.013345208948163156,0.04175270140033027,False,False,True,True,False,False,True,True,True,False,,,,,False,False,False,False,False,-0.08114897539752108
backwardation_t02_b05_h7,backwardation_long,0.02,0.05,7,0.0,-0.0013643967902364773,-0.020261977520535712,-0.09087890833812695,-0.03175348885853944,0.5683056377294977,0,0.8720472440944882,0.015561103120018682,-0.0165003418637939,-0.0006501352125144466,False,False,True,True,True,False,True,True,True,False,,,,,False,False,False,False,False,-0.08560479298537084
spot_spike_t10_b10_h14,spot_spike_long,0.1,0.1,14,0.0,0.009179032987746805,0.14681833616004436,-0.3876467809517705,0.11984252673217805,3.3576945281249673,0,0.8440944881889761,-0.1404608486056952,-0.09755316896939803,-0.058151693320745323,False,False,False,True,False,False,False,True,True,False,,,,,False,False,False,False,False,-0.08919974304946328
backwardation_t05_b05_h3,backwardation_long,0.05,0.05,3,0.0,-0.0012294095756032464,-0.018274563036601132,-0.08465939764159958,-0.040964638178025835,0.3509413112670921,0,0.8720472440944881,0.02765202623775531,-0.04681446531746458,0.03146803636716866,False,False,True,True,True,False,True,True,True,False,,,,,False,False,False,False,False,-0.08926256926270304
spot_spike_t30_b15_h14,spot_spike_long,0.3,0.15,14,0.0,0.0028769666982257913,0.0440128489825411,-0.30030562860057197,0.0753052416660863,2.0713342118953237,0,0.8161417322834646,-0.00983114378564609,-0.0935521045638592,0.04045720600955294,False,False,False,True,False,False,True,True,True,False,,,,,False,False,False,False,False,-0.08980698135670134
backwardation_t05_b15_h7,backwardation_long,0.05,0.15,7,0.0,-0.000346891085102774,-0.005188257827119402,-0.2346680788993144,0.031865032719067016,1.0459905507888436,0,0.8161417322834645,0.08202240515231907,-0.12211790367745401,0.09572136988407176,False,False,False,True,True,False,True,True,True,False,,,,,False,False,False,False,False,-0.09662269440868416
backwardation_t02_b10_h14,backwardation_long,0.02,0.1,14,0.0,-0.0016392056402750876,-0.024296385470067183,-0.1716562522106566,0.0030852231818838255,1.13204389061047,0,0.8440944881889763,0.015074174220545133,-0.03956702776814536,0.014554649492618754,False,False,False,True,True,False,True,True,True,False,,,,,False,False,False,False,False,-0.09734175311009935
spot_spike_t30_b15_h7,spot_spike_long,0.3,0.15,7,0.0,0.0006801326177330314,0.01024574360806696,-0.2519566236973527,0.045608685794923075,1.9280135506249196,0,0.8161417322834645,-0.031095045431146495,-0.022890110370870298,0.13359754922446965,False,False,False,True,False,False,True,True,True,False,,,,,False,False,False,False,False,-0.09828949632453642
backwardation_t02_b10_h3,backwardation_long,0.02,0.1,3,0.0,-0.0029752642115484784,-0.043690783055795546,-0.17591256826985624,-0.02302094879131209,1.0662915494087108,0,0.8440944881889764,0.03363278652854573,-0.024564383818360458,0.0066371168472429964,False,False,False,True,True,False,True,True,True,False,,,,,False,False,False,False,False,-0.12759067684342426
backwardation_t00_b10_h7,backwardation_long,0.0,0.1,7,0.0,-0.003267248495775421,-0.0478810760902868,-0.1739722101492821,-0.02142717908109537,1.4633738378025427,0,0.8440944881889763,0.05202234766145297,-0.014033167188817641,-0.02773007052576215,False,False,False,True,True,False,False,True,True,False,,,,,False,False,False,False,False,-0.1295815195253127
backwardation_t05_b10_h3,backwardation_long,0.05,0.1,3,0.0,-0.003000436624921332,-0.04405271147274914,-0.16414005854091607,-0.040616163303801606,0.6952289578417991,0,0.8440944881889763,0.055011196531081774,-0.09247447691184141,0.06212004673060778,False,False,False,True,True,False,True,True,True,False,,,,,False,False,False,False,False,-0.13563935540252028
backwardation_t02_b10_h7,backwardation_long,0.02,0.1,7,0.0,-0.0035228737053590864,-0.051535502217732954,-0.17644365670462503,-0.030683670510113843,1.1271664742652245,0,0.8440944881889765,0.030272483945191553,-0.03640010427461249,-0.00342417229827785,False,False,False,True,True,False,True,True,True,False,,,,,False,False,False,False,False,-0.13722291101579676
backwardation_t02_b15_h14,backwardation_long,0.02,0.15,14,0.0,-0.0037232888402272124,-0.05439148367026547,-0.25006852200793916,0.004207662062325492,1.6813778743338794,0,0.8161417322834645,0.020990738376177598,-0.06426580646074143,0.018394051876130968,False,False,False,True,True,False,True,True,True,False,,,,,False,False,False,False,False,-0.1450869553654373
spot_spike_t20_b10_h7,spot_spike_long,0.2,0.1,7,0.0,-0.001391545124677096,-0.020661228177921598,-0.2666108861326305,0.0016421325200588945,1.9970181152846402,0,0.8440944881889764,-0.06136182913575827,-0.030986952009596447,0.08318492969434899,False,False,False,True,False,False,True,True,True,False,,,,,False,False,False,False,False,-0.15441658194845695
backwardation_t00_b05_h14,backwardation_long,0.0,0.05,14,0.0,-0.0032737939289659845,-0.04797481352020172,-0.14370444016767403,-0.08537903712013842,0.7790574782523477,0,0.8720472440944883,0.0022275086476164496,-0.03188598533931142,-0.02374409689121071,False,False,True,True,True,False,False,True,True,False,,,,,False,False,False,False,False,-0.1715694198444309
backwardation_t02_b15_h3,backwardation_long,0.02,0.15,3,0.0,-0.005600166414029273,-0.08075080848329885,-0.2557280753282505,-0.021919695070318976,1.587095234921826,0,0.8161417322834645,0.049212182632244916,-0.04168244753170558,0.006932992487077794,False,False,False,True,True,False,True,True,True,False,,,,,False,False,False,False,False,-0.17685501791172104
backwardation_t05_b15_h3,backwardation_long,0.05,0.15,3,0.0,-0.005329219661834306,-0.07698839614489061,-0.2397905839304273,-0.040265891108697244,1.032917054399277,0,0.8161417322834646,0.08202240515232151,-0.13693311621129267,0.09184799614511152,False,False,False,True,True,False,True,True,True,False,,,,,False,False,False,False,False,-0.18114879294157227
backwardation_t00_b15_h7,backwardation_long,0.0,0.15,7,0.0,-0.006254785266090357,-0.08978197178221836,-0.25531890215795083,-0.02049824501074509,2.178384943945057,0,0.8161417322834646,0.07680077228708582,-0.02716483457613328,-0.04449842588050068,False,False,False,True,True,False,False,True,True,False,,,,,False,False,False,False,False,-0.1824511160613518
spot_spike_t10_b15_h14,spot_spike_long,0.1,0.15,14,0.0,0.004502209357439391,0.06966886908554315,-0.5288914763686642,0.12067751190234595,4.993637997317685,0,0.8161417322834645,-0.2064110799606742,-0.15094092812015836,-0.09009938991205313,False,False,False,True,False,False,False,True,True,False,,,,,False,False,False,False,False,-0.18470018754028422
backwardation_t02_b15_h7,backwardation_long,0.02,0.15,7,0.0,-0.006477312597149787,-0.09283306585264117,-0.25685316720147366,-0.029666941517054665,1.6767140157978684,0,0.8161417322834645,0.044097830402640925,-0.05931113611906591,-0.00828485984064331,False,False,False,True,True,False,True,True,True,False,,,,,False,False,False,False,False,-0.18781529047006978
spot_spike_t10_b05_h3,spot_spike_long,0.1,0.05,3,0.0,-0.0029708141597653004,-0.04362678700599909,-0.15865000839821986,-0.08734376867553631,1.7053087745454298,0,0.8720472440944883,-0.06590265461362055,-0.0044484290830905104,0.029686545782106277,False,False,False,True,False,False,True,True,True,False,,,,,False,False,False,False,False,-0.18966348893963114
spot_spike_t20_b15_h7,spot_spike_long,0.2,0.15,7,0.0,-0.0030880200068427177,-0.04531098748792639,-0.3752199781123723,0.0025684360891222377,2.980549436744326,0,0.8161417322834645,-0.09256466690022236,-0.052503288100473555,0.12415375525386185,False,False,False,True,False,False,True,True,True,False,,,,,False,False,False,False,False,-0.2210230873481926
backwardation_t00_b10_h14,backwardation_long,0.0,0.1,14,0.0,-0.0074999064060151666,-0.10673163195993096,-0.2712513079187314,-0.08430833070935236,1.5439431515398365,0,0.8440944881889765,0.0029053014379425424,-0.06710024411737403,-0.049252116193092776,False,False,False,True,True,False,False,True,True,False,,,,,False,False,False,False,False,-0.2503732289961468
spot_spike_t10_b10_h3,spot_spike_long,0.1,0.1,3,0.0,-0.0066891102118695756,-0.0957281753522562,-0.2951650143740592,-0.08616530270942224,3.4015343726647314,0,0.8440944881889764,-0.12897994447624606,-0.013727776218370624,0.05794964017997373,False,False,False,True,False,False,True,True,True,False,,,,,False,False,False,False,False,-0.2811413740468383
tail_t80_b05_h14,tail_long,0.8,0.05,14,0.0,-0.0070093076360541184,-0.10008865800123601,-0.14515375810908404,-0.20329169793155094,0.9018491354682565,0,0.8720472440944882,-0.015081200197502365,-0.025802452101426177,-0.0300843566668878,False,False,True,True,False,False,False,True,True,False,,,,,False,False,False,False,False,-0.2989056836128838
spot_spike_t20_b05_h14,spot_spike_long,0.2,0.05,14,0.0,-0.006636223802195862,-0.09500606793753208,-0.18088639698143727,-0.19692289604327787,1.0601523158742057,0,0.8720472440944882,-0.06035755009128563,-0.015307702419135372,-0.02167239738177884,False,False,False,True,False,False,False,True,True,False,,,,,False,False,False,False,False,-0.31124006529713033
backwardation_t00_b15_h14,backwardation_long,0.0,0.15,14,0.0,-0.012671942407314729,-0.17403398648551016,-0.38348447293682253,-0.08328191686282034,2.294809318703057,0,0.8161417322834644,0.0020387531667309666,-0.10503429890851923,-0.07633531162537255,False,False,False,True,True,False,False,True,True,False,,,,,False,False,False,False,False,-0.3233161313328916
spot_spike_t10_b15_h3,spot_spike_long,0.1,0.15,3,0.0,-0.011131010084707071,-0.15449442766931876,-0.41205533459912613,-0.08504188768414678,5.088870673296041,0,0.8161417322834645,-0.1892072661724914,-0.027515261140597214,0.0846524947158458,False,False,False,True,False,False,True,True,True,False,,,,,False,False,False,False,False,-0.3642202818860844
tail_t80_b10_h14,tail_long,0.8,0.1,14,0.0,-0.014920045362119216,-0.20178594674179184,-0.2761085181498182,-0.20233171713373127,1.7892756304345898,0,0.8440944881889764,-0.03155775202055833,-0.05559158243142981,-0.061338161128333124,False,False,False,True,False,False,False,True,True,False,,,,,False,False,False,False,False,-0.3881188232372247
spot_spike_t20_b10_h14,spot_spike_long,0.2,0.1,14,0.0,-0.014091323397951605,-0.19165857238722406,-0.335534336509394,-0.19560150557707556,2.104222583921125,0,0.8440944881889763,-0.11883213465765075,-0.03616120044068538,-0.04507736875833035,False,False,False,True,False,False,False,True,True,False,,,,,False,False,False,False,False,-0.412593546466887
curve_spread_t05_b05_h14,curve_spread,0.05,0.05,14,0.0,-0.0030676784185975636,-0.045018885776594963,-0.04734183019693616,-0.41432318919162414,0.3579917987413364,0,0.8724898550724639,0.0028001019009269434,-0.00800574537391796,-0.005133782815849308,False,False,True,True,True,False,True,True,True,False,,,,,False,False,False,False,False,-0.4477093791147007
curve_spread_t05_b05_h7,curve_spread,0.05,0.05,7,0.0,-0.0031449681906249305,-0.04612831017759367,-0.04650695580144326,-0.4291299445239949,0.35069523455051493,0,0.8724898550724638,0.0027642904580180705,-0.00620197255583288,-0.0044912136917296674,False,False,True,True,True,False,True,True,True,False,,,,,False,False,False,False,False,-0.4621803111514715
tail_t80_b15_h14,tail_long,0.8,0.15,14,0.0,-0.023715670238016018,-0.30221753745556545,-0.39530443128184745,-0.20141771759460725,2.6624257391099655,0,0.8161417322834645,-0.04934395315683904,-0.08878673439454199,-0.09357038049055699,False,False,False,True,False,False,False,True,True,False,,,,,False,False,False,False,False,-0.47312553110266264
curve_spread_t05_b10_h14,curve_spread,0.05,0.1,14,0.0,-0.006181844389103741,-0.08877978992795843,-0.09320095711678278,-0.4144183781944537,0.7151936301266828,0,0.8449797101449276,0.005580688068561379,-0.01597597567225273,-0.010276651680808935,False,False,True,True,True,False,True,True,True,False,,,,,False,False,False,False,False,-0.4805344818323194
spot_spike_t10_b05_h7,spot_spike_long,0.1,0.05,7,0.0,-0.012526203759101406,-0.1722041759119095,-0.2410943484484278,-0.33209930118766606,1.6936215215004602,0,0.8720472440944883,-0.027185766759493024,-0.03022747093030209,0.021808957777583515,False,False,False,True,False,False,True,True,True,False,,,,,False,False,False,False,False,-0.4946350981450874
curve_spread_t05_b10_h7,curve_spread,0.05,0.1,7,0.0,-0.0063349170681393785,-0.09088176852456298,-0.09160315276781394,-0.4292306175972368,0.7007279584724109,0,0.8449797101449276,0.0055090871931049445,-0.012392379054304348,-0.008992931886203759,False,False,True,True,True,False,True,True,True,False,,,,,False,False,False,False,False,-0.49470930770214666
curve_spread_t05_b05_h3,curve_spread,0.05,0.05,3,0.0,-0.003384648863640649,-0.049561064185325576,-0.04993834715495582,-0.4664239058667771,0.3409834988674502,0,0.8724898550724637,0.0027642904580194028,-0.007594604437424657,-0.0045744652713402,False,False,True,True,True,False,True,True,True,False,,,,,False,False,False,False,False,-0.5015722121602109
spot_spike_t20_b15_h14,spot_spike_long,0.2,0.15,14,0.0,-0.02232960304985865,-0.2872162304059448,-0.4660732984268081,-0.19432257228514851,3.1323776394162746,0,0.8161417322834645,-0.17531090613016143,-0.0619981236258097,-0.07004290779098954,False,False,False,True,False,False,False,True,True,False,,,,,False,False,False,False,False,-0.5033422039924326
curve_spread_t05_b15_h14,curve_spread,0.05,0.15,14,0.0,-0.009344019535229786,-0.1312947886550797,-0.1376002792371004,-0.4145144004361608,1.0716174697689245,0,0.8174695652173912,0.008341476251471969,-0.023910477263160868,-0.015428191273665237,False,False,True,True,True,False,True,True,True,False,,,,,False,False,False,False,False,-0.5127187538228598
curve_spread_t05_b15_h7,curve_spread,0.05,0.15,7,0.0,-0.009571368918448009,-0.13427899117119702,-0.13530887659661373,-0.42933214570509237,1.0501097565507393,0,0.8174695652173913,0.008234110459252042,-0.018570916423275907,-0.0135048403520307,False,False,True,True,True,False,True,True,True,False,,,,,False,False,False,False,False,-0.5266304194058027
curve_spread_t05_b10_h3,curve_spread,0.05,0.1,3,0.0,-0.006812138627440234,-0.09740591692733203,-0.09812212426652867,-0.46656232241138634,0.681375433771046,0,0.8449797101449276,0.005509087193106499,-0.015157557315516268,-0.009155355924741704,False,False,True,True,True,False,True,True,True,False,,,,,False,False,False,False,False,-0.5360614161372417
curve_spread_t05_b15_h3,curve_spread,0.05,0.15,3,0.0,-0.010283965366557957,-0.14357070281398976,-0.14458953456472323,-0.4667016253398445,1.0211874684637048,0,0.8174695652173913,0.008234110459251376,-0.02268866335350339,-0.013742396439600957,False,False,True,True,True,False,True,True,True,False,,,,,False,False,False,False,False,-0.569776198039959
curve_spread_t02_b05_h3,curve_spread,0.02,0.05,3,0.0,-0.004061434100433803,-0.05919197658623887,-0.0606482438909961,-0.534465067712328,0.5374228665076042,0,0.8530955882352941,0.0017357210368893483,-0.007543772702652052,-0.012578856859265741,False,False,True,True,True,False,True,True,True,False,,,,,False,False,False,False,False,-0.5782862865237698
curve_spread_t00_b05_h3,curve_spread,0.0,0.05,3,0.0,-0.004254082663465164,-0.061916739474066285,-0.06505157820814333,-0.5475919362493041,0.8056560877456538,0,0.8530955882352941,0.0033617094260944835,-0.0030244683067031097,-0.017920133622610246,False,False,True,True,True,False,True,True,True,False,,,,,False,False,False,False,False,-0.5966824515577627
curve_spread_t02_b05_h14,curve_spread,0.02,0.05,14,0.0,-0.004325811562678639,-0.06292936829713858,-0.06502095253868723,-0.5546742661472259,0.5778986214482547,0,0.8530955882352941,0.0015455404290154462,-0.012766944524991497,-0.012387497045725393,False,False,True,True,True,False,True,True,True,False,,,,,False,False,False,False,False,-0.6016153517564093
curve_spread_t02_b05_h7,curve_spread,0.02,0.05,7,0.0,-0.004293765144835038,-0.06247708088530157,-0.06392826321005818,-0.5590052664539316,0.5688647932789928,0,0.8530955882352941,0.0012936689787192979,-0.008551143021802932,-0.013678189691110565,False,False,True,True,True,False,True,True,True,False,,,,,False,False,False,False,False,-0.6052455762814206
curve_spread_t02_b10_h3,curve_spread,0.02,0.1,3,0.0,-0.008164452812894907,-0.11565698704008598,-0.1183866204848868,-0.5345403081097811,1.0741050040294828,0,0.8061911764705881,0.003446806346310227,-0.015079101278711482,-0.025033095439089048,False,False,True,True,True,False,False,True,True,False,,,,,False,False,False,False,False,-0.6208035740183092
spot_spike_t10_b10_h7,spot_spike_long,0.1,0.1,7,0.0,-0.02609327385561311,-0.32726596936331187,-0.4313026724634902,-0.3309763211721718,3.3728065953446307,0,0.8440944881889764,-0.05575600960410754,-0.0643643681220415,0.04142211278326258,False,False,False,True,False,False,True,True,True,False,,,,,False,False,False,False,False,-0.6325422710685894
curve_spread_t00_b10_h3,curve_spread,0.0,0.1,3,0.0,-0.008552123126238875,-0.12082517755101907,-0.12668400919595202,-0.5477628886368197,1.6104141306797026,0,0.8061911764705884,0.006700677447502912,-0.006103318822880177,-0.03555573730615691,False,False,True,True,True,False,False,True,True,False,,,,,False,False,False,False,False,-0.6443132807940705
curve_spread_t00_b05_h7,curve_spread,0.0,0.05,7,0.0,-0.0046876206324536485,-0.0680216551993913,-0.07113609283786204,-0.5923614110536828,0.7714594902249029,0,0.853095588235294,0.0009461612354246807,-0.006848175180986904,-0.01826150814980987,False,False,True,True,True,False,True,True,True,False,,,,,False,False,False,False,False,-0.6450192936397701
curve_spread_t02_b10_h14,curve_spread,0.02,0.1,14,0.0,-0.008693063866327178,-0.12269711850281873,-0.1266028696258884,-0.5546846422309974,1.1546364157324205,0,0.8061911764705884,0.003065242551562264,-0.025425497918507567,-0.02466628569294993,False,False,True,True,True,False,False,True,True,False,,,,,False,False,False,False,False,-0.6469185689339202
curve_spread_t02_b10_h7,curve_spread,0.02,0.1,7,0.0,-0.008628066153494207,-0.12183429720585337,-0.12454486362328998,-0.5590592037747958,1.1368010147264396,0,0.8061911764705882,0.0025612867117430493,-0.01708008073319034,-0.027209618006880154,False,False,True,True,True,False,False,True,True,False,,,,,False,False,False,False,False,-0.6499557780406936
curve_spread_t02_b15_h3,curve_spread,0.02,0.15,3,0.0,-0.012310413084809957,-0.16948788317281083,-0.17332173820083985,-0.5346172265705491,1.6100589641907157,0,0.7592867647058824,0.005133040999299121,-0.02260520815742806,-0.03736344680274606,False,False,False,True,True,False,False,True,True,False,,,,,False,False,False,False,False,-0.6619995114824961
curve_spread_t00_b15_h3,curve_spread,0.0,0.15,3,0.0,-0.012895390940365847,-0.1768321481863524,-0.18503660577834613,-0.547935492454287,2.4142875929706458,0,0.7592867647058824,0.010016531051128652,-0.009235831728265698,-0.052910611311385525,False,False,False,True,True,False,False,True,True,False,,,,,False,False,False,False,False,-0.6903874531538982
curve_spread_t02_b15_h14,curve_spread,0.02,0.15,14,0.0,-0.013103050393546312,-0.1794246553033425,-0.18488963619497534,-0.5546965912174703,1.7302260709001347,0,0.7592867647058823,0.00455890507874912,-0.03797553694346745,-0.03683659534675754,False,False,False,True,True,False,False,True,True,False,,,,,False,False,False,False,False,-0.6906497708110518
curve_spread_t02_b15_h7,curve_spread,0.02,0.15,7,0.0,-0.013004217357664327,-0.17819173432599988,-0.18198541016479042,-0.5591147499920361,1.7038210024737426,0,0.7592867647058823,0.003802672017903408,-0.025586017595359722,-0.040595198262923016,False,False,False,True,True,False,False,True,True,False,,,,,False,False,False,False,False,-0.6931540998144974
curve_spread_t00_b10_h7,curve_spread,0.0,0.1,7,0.0,-0.009417081528641957,-0.13225485032854067,-0.1380375144959135,-0.5925020886293529,1.541740318657357,0,0.8061911764705882,0.0018590672115130769,-0.01371655558168594,-0.03623478784429868,False,False,True,True,True,False,False,True,True,False,,,,,False,False,False,False,False,-0.6957724121211671
curve_spread_t00_b15_h7,curve_spread,0.0,0.15,7,0.0,-0.014189567291406302,-0.19286539403428793,-0.2009100493631939,-0.5926443002917576,2.310856025035523,0,0.7592867647058824,0.0027385553406835683,-0.020603911319067136,-0.05392346502061229,False,False,False,True,True,False,False,True,True,False,,,,,False,False,False,False,False,-0.7445870198065224
spot_spike_t10_b15_h7,spot_spike_long,0.1,0.15,7,0.0,-0.04067904175414894,-0.46347590409399086,-0.5794517873744196,-0.3298921646964945,5.037738748279165,0,0.8161417322834645,-0.08553806727675717,-0.10175391068225004,0.058724063853640596,False,False,False,True,False,False,True,True,True,False,,,,,False,False,False,False,False,-0.7513535293747938
curve_spread_t00_b05_h14,curve_spread,0.0,0.05,14,0.0,-0.006323142965933393,-0.09072024853563487,-0.09421948555525361,-0.7846195537693,0.8340037687711179,0,0.8530955882352941,-0.0011799295924439512,-0.01718825407872704,-0.02482480632784201,False,False,True,True,False,False,False,True,True,False,,,,,False,False,False,False,False,-0.8527156201665048
curve_spread_t00_b10_h14,curve_spread,0.0,0.1,14,0.0,-0.012672431615583513,-0.1740401223408895,-0.1803783984451518,-0.7847859878928024,1.6664423667744008,0,0.8061911764705882,-0.002395224046861655,-0.03415393216384566,-0.04908539495641595,False,False,False,True,False,False,False,True,True,False,,,,,False,False,False,False,False,-0.9169844740142894
curve_spread_t00_b15_h14,curve_spread,0.0,0.15,14,0.0,-0.019048853661329357,-0.2505010966087774,-0.25910278036648193,-0.7849547383114883,2.4973402990372895,0,0.7592867647058824,-0.0036458195011945804,-0.05089818922614853,-0.07279318983584238,False,False,False,True,False,False,False,True,True,False,,,,,False,False,False,False,False,-0.9775772388077609
